a = a
abiding = abïding
ability = abiliti
able = äbel
about = abaut
abroad = abroəd
absolute = absolut
abuses = abüsez
abusing = abüzing
academicians = akademicyanz
access = akces
accordingly = akordingli
accountability = akauntabiliti
achieve = achyv
achieved = achyvd
achievement = achyvment
acknowledge = aknolej
acknowledged = aknolejd
acknowledging = aknolejing
acquiescence = akwiecens
across = akros
act = akt
action = akcion
actions = akcionz
active = aktiv
added = aded
addition = adicion
address = adres
administration = administräcion
administrations = administräcionz
admirer = admïrer
admission = admishon
admit = admit
advise = advïz
advisor = advïzor
advisory = advïzori
advocacy = advokaci
affairs = afeirz
afford = aford
africa = afrika
after = after
afterwards = afterwordz
again = agen
against = agenst
age = äj
agencies = äjenciz
agency = äjenci
aggression = agreshon
aggressive = agresiv
aggressively = agresivli
ago = agö
agree = agry
agreed = agryd
agreement = agryment
agreements = agryments
ah = a
aim = eim
aims = eimz
air = eir
airlines = eirlïnz
airman = eirman
aisle = ail
alarm = alarm
albeit = olbëit
alienating = älienäting
all = ol
alliance = alïans
allies = alïz
allocate = alokät
allow = alau
allowed = alaud
ally = alai
alma = alma
almost = olmöst
alone = alön
alongside = alongsïd
already = olredi
also = olso
although = alðou
always = olweiz
am = am
ambassador = ambasador
ambition = ambicion
america = amerika
american = amerikan
americans = amerikanz
america’s = amerika’s
amigos = amigöz
among = aməng
amount = amaunt
an = an
ana = ana
and = and
anew = aneu
anger = anger
anniversary = anivərsari
announced = anaunst
another = anəðer
answer = anser
antagonize = antagonïz
anthem = anþem
antithetical = antiþetikal
any = eni
anybody = enibodi
anyone = eniwən
apart = apart
appeal = apyl
appeasement = apyzment
applause = aploəz
applied = aplïd
appointed = apointed
approach = aprouch
appropriate = apröpriat
arbiters = arbiterz
are = ar
area = ärea
arises = arïzez
arkansas = arkansa
arms = armz
army = armi
around = araund
article = artikel
as = az
ask = ask
asked = askt
asking = asking
assertion = asərcion
assertive = asərtiv
assess = ases
assets = asets
assurance = asürans
assured = asürd
astute = astut
at = at
athens = aþenz
athlete = aþlët
attended = atended
attorney = atərni
audience = oədiens
australia = asträlia
authoritarian = aþoriteirian
authority = aþoriti
awakening = awäkening
award = aword
away = awei
back = bak
backed = bakt
bad = bad
bankrupt = bankrupt
bargains = bargenz
barr = barr
based = bäst
basic = bäsik
basis = bäsis
basketball = basketbol
battle = batel
be = bi
beacon = bykon
became = bekäm
because = bekoəz
become = bekəm
bedrock = bedrok
been = byn
before = befor
began = began
begin = begin
begins = beginz
behave = behäv
behaving = behäving
behavior = behävior
behaviors = behäviorz
behind = behïnd
beijing = beijing
beijing’s = beijing’s
being = biing
beings = bëingz
belief = belyf
believe = belyv
believed = belyvd
believer = belyver
believes = belyvz
belongs = belongz
bend = bend
benefits = benefits
berlin = berlin
best = best
bestow = bestou
bet = bet
better = beter
between = betwyn
beyond = biond
big = big
biggest = bigest
billion = bilion
birthplace = bərþpläs
bit = bit
bite = bït
blacklisted = blaklisted
blandishments = blandishments
bless = bles
blessed = blest
blind = blïnd
blossomed = blosomd
blows = blouz
blue = blu
board = bord
boards = bordz
body = bodi
borders = borderz
born = born
both = bouþ
brave = bräv
break = breik
breaking = breiking
bright = brait
brilliant = briliant
broken = bröken
brother = brəðer
brought = broət
brussels = brəselz
brutality = brütaliti
budgets = bəjets
build = bild
built = bilt
bush = bush
business = biznes
businessman = biznesman
but = bət
buy = bai
by = bai
cadet = kadet
cadre = kadre
california = kalifornia
call = kol
called = kold
camps = kamps
can = kan
canadian = kanädian
candid = kandid
candor = kandor
cannot = kannot
can’t = kan’t
capabilities = käpabilitiz
capable = käpabel
capacity = kapaciti
capitalist = kapitalist
captain = kapten
cardinal = kardinal
care = keir
career = karër
carry = kari
case = käs
cases = käsez
causing = koəzing
cave = käv
ccp = ckp
ccp’s = ckp’s
censors = censorz
center = center
centers = centerz
central = central
centrally = centrali
century = centüri
ceos = ceoz
certain = cərten
certainly = cərtenli
chains = cheinz
chairman = cheirman
challenge = chalenj
challenges = chalenjez
chance = chans
change = chänj
changes = chänjez
changing = chänjing
cheek = chyk
chief = chyf
children = children
children’s = children’s
china = chïna
china’s = chïna’s
chinese = Chïnyz
choose = chuz
chose = chöz
chosen = chözen
chris = kris
cio = kio
citizen = citizen
citizens = citizenz
city = citi
claim = kleim
claims = kleimz
clamoring = klamoring
clarity = kleiriti
class = klas
clean = klyn
clear = klir
clearly = klirli
close2 = klouz
closed = klözd
closely = klösli
closure = klözür
co = kə
coax = kouks
cold = kold
colleges = kolejez
combine = kombïn
combined = kombïnd
come = kəm
comes = kəmz
comfortable = kəmfortabel
coming = kəming
comity = kömiti
comment = koment
commerce = komers
commission = komishon
commitment = komitment
committed = komited
committee = komity
common = komon
communism = komünizm
communist = komünist
communists = komünists
companies = kəmpaniz
company = kəmpani
compare = kompär
complete = komplët
completely = komplëtli
complex = kompleks
comprehensive = komprehensiv
concentration = koncenträcion
concerned = koncərnd
conclusion = konkluzion
conduits = konduits
conferences = konferencez
confident = konfident
confirmed = konfərmd
conflict = konflikt
conform = konform
congressman = kongresman
connected = konekted
consistent = konsistent
consulate = konsulat
containment = konteinment
context = kontekst
continue = kontinü
contrary = kontrari
control = kontröl
convenient = konvënient
conversation = konversäcion
conversations = konversäcionz
convinced = konvinst
cooperation = kooperäcion
corporate = korporat
correct = kərrekt
cost = kost
could = kud
couldn’t = kudn’t
council = kauncil
count = kaunt
counterparts = kaunterparts
countries = kəntriz
country = kəntri
county = kaunti
courage = koraj
courageous = koräjes
course = kors
cravenly = kräven­lai
create = kreät
created = kreäted
creates = kreäts
creating = kreäting
creation = kreeicion
creative = kreeitiv
credit = kredit
crimes = krïmz
crisis = krïsis
critical = kritikal
critics = kritiks
crowd = kraud
curtain = kərten
cyber = cïber
d = d
dan = dan
danger = dänjer
dangerous = dänjeros
date = dät
day = dei
days = deiz
deal = dyl
dealing = dyling
dealt = delt
debate = debät
decades = dekädz
decision = decizion
decisions = decizionz
declaration = deklaräcion
declaring = dekleiring
decline = deklïn
declined = deklïnd
deep = dyp
deeply = dypli
defend = defend
defending = defending
defense = defens
definition = definicion
deinstitutionalized = dë­institucionalïzd
delicate = delikat
deliver = deliver
delivered = deliverd
delta = delta
demand = demand
demands = demandz
democracies = demokraciz
democracy = demokraci
department = department
departments = departments
dependent = dependent
descends = decendz
describe = deskrïb
deserves = dezərvz
designs = dezainz
desire = dezïr
desperate = desprat
destined = destind
detail = deteil
details = deteilz
deter = detər
determination = detərminäcion
devoted = devöted
dialogue = dïalog
dialogue’s = dïalog’s
did = did
didn’t = didn’t
differences = diferencez
different = diferent
differently = difrentli
difficult = difikult
diligence = dilijens
diligent = dilijent
diplomacy = diplömaci
diplomat = diplomat
diplomatic = diplomatik
direct = dərekt
director = dərektor
dishonor = disonor
disinformation = dizinformäcion
dispute = dispüt
dissidents = disidents
distinct = distinkt
distinguished = distinguisht
distrust = distrəst
division = divizion
do = du
doctors = doktorz
documents = doküments
does = dəz
doesn’t = dəzn’t
doing = duing
dominance = dominans
done = dən
don’t = dön’t
down = daun
downplayed = daunpleid
dr = dr
dramatically = dramatikli
draw = droə
dreams = drymz
during = during
duty = duti
dynamic = dïnamik
each = ych
eager = yger
eagles = ygelz
earlier = ərlier
early = ərli
earned = ərnd
earthquake = ərþkweik
earthquakes = ərþkweiks
east = yst
easy = yzi
echo = eko
economic = ekonomik
economics = ekonomiks
economies = ekonomiz
economy = ekonomi
editor = editor
editorial = editorial
efforts = eforts
eight = eit
eisenhower = aizenhauer
either = ëðer
elected = elekted
elites = elits
else = els
emigrate = emigrät
emphasis = emfasis
empire = empïr
employee = emploiy
employees = emploiyz
empower = empauer
empty = empti
end = end
ends = endz
energy = enerji
engage = engäj
engaged = engäjd
engagement = engäjment
engineering = enjinyring
enormous = enormos
enough = enəf
ensure = enshur
entering = entering
entire = entïr
entities = entitiz
entity = entiti
epicenter = epicenter
epitaph = epitaf
erode = eröd
escaped = eskäpt
especially = especyali
esper = esper
espionage = espionaj
established = establisht
ethicists = eþicists
ethnic = eþnik
europe = europ
evaluates = evalüäts
even = yven
events = events
ever = ever
every = everi
everyone = evriwən
everywhere = evrihwer
evolution = evolucion
example = egzampel
examples = egzampelz
excuse = eksküs
exertion = egzərcion
expand = ekspand
expectations = ekspektäcionz
experience = ekspëriens
explain = eksplein
explained = ekspleind
exploit = eksploit
extent = ekstent
extra = ekstra
extraordinary = ekstraordinari
f = f
face = fäs
faced = fäst
facets = facets
facial = fäcyal
facing = fäcing
fact = fakt
facts = fakts
fail = feil
failed = feild
failing = feiling
fails = feilz
failure = feilür
fair = feir
fairly = feirli
fairness = feirnes
faith = feiþ
fall = fol
falls = folz
families = familiz
family = famili
famous = fämos
famously = fämosli
fans = fanz
far = far
father = faðer
favorite = fävorit
fbi = fbi
fealty = fylti
fear = fir
feared = fird
fears = firz
feeding = fyding
few = feu
fierce = firs
fighter = faiter
fighting = faiting
figures = figürz
final = fïnal
finally = fïnali
find = fïnd
firms = fərmz
first = fərst
five = fïv
flags = flagz
flattery = flateri
flesh = flesh
focus = fökus
foe = fö
follow = folou
for = for
force = fors
foreign = foren
forever = forever
former = former
forward = forword
forwarding = forwording
fought = foət
found = faund
foundation = faundäcion
founded = faunded
founding = faunding
fountain = faunten
four = for
fourth = forþ
frank = frank
frankenstein = frankenstïn
frankly = frankli
free = fry
freedom = frydom
freedoms = frydomz
freer = fryr
friendlier = frendlier
friends = frendz
from = frəm
front = frənt
frontier = frontir
fulfill = fulfil
fun = fən
fundamental = fəndamental
fundamentally = fəndamentali
furthest = fərþest
future = fütür
g2 = g2
g7 = g7
gained = geind
garden = garden
garner = garner
gave = gäv
general = jeneral
generally = jenerali
generation = jeneräcion
generations = jeneräcionz
generous = jeneros
gentlemen = jentelmen
genuinely = jenüinli
george = jorj
germany = jərmani
get = get
getting = geting
give = giv
given = given
giving = giving
global = glöbal
glory = glori
go = gö
goal = goul
goals = goulz
god = god
goes = göz
going = göing
gone = gon
good = gud
goodness = gudnes
google = gugel
got = got
gotten = goten
governed = gəvernd
government = gəvernment
government’s = gəvernment’s
governor = gəvernor
graciously = gräcyosli
graduate = gradyuat
grandfather = grandfaðer
gravestone = grävstön
great = greit
greater = greiter
greatest = greitest
grew = grü
grip = grip
gross = grös
ground = graund
grounded = graunded
grouping = gruping
grown = groun
grows = grouz
guard = gard
guess = ges
guest = gest
guests = gests
guide = gïd
gun = gən
guy = gai
guy’s = gai’s
gym = jim
haass = haas
had = had
half = haf
hall = hol
hand = hand
hands = handz
hanoi = hanoi
happen = hapen
happening = hapening
happens = hapenz
hard = hard
harmed = harmd
harming = harming
harvard = harvard
has = haz
hasn’t = hazn’t
have = hav
he = hi
head = hed
headlines = hedlïnz
health = helþ
hear = hër
heard = hərd
hearts = harts
heavy = hevi
heck = hek
heed = hyd
hegemony = hejemoni
help = help
her = her
here = hër
here’s = hër’s
hewitt = heuit
he’ll = hë’l
high = hai
highest = haiest
highlighted = hailïted
highsmith = haismiþ
him = him
his = hiz
historic = historik
history = histori
hit = hit
hollywood = holiwud
home = höm
homogeneous = hömojëneos
honest = onest
hong = hong
honolulu = honolulu
honor = onor
honorable = onorabel
honored = onord
hoodwinked = hudwinkt
hope = höp
hoped = höpt
hopefully = höpfulli
hopes = höps
hostility = hostiliti
hot = hot
hour = əur
hours = əurz
house = haus
houston = heuston
how = hau
huawei = huawei
hub = həb
hubei = hubei
hugh = hü
human = hüman
hundred = həndred
husband = həzband
hush = həsh
i = ai
ideals = ïdylz
identified = ïdentifïd
identifying = ïdentifïing
ideological = ïdëlojikal
ideology = ïdeoloji
if = if
ignore = ignor
ignored = ignord
image = imaj
imagined = imajind
imbalances = imbalancez
importance = importans
important = important
impossible = imposibel
impressive = impresiv
in = in
inaudible = inoədibel
inaugural = inoəgəral
incarnation = inkarnäcion
including = inkluding
increase = inkrys
increased = inkryst
increasingly = inkrysingli
incredibly = inkredibli
indeed = indyd
independence = independens
independent = independent
individuals = individyualz
indo = indo
induce = indus
inevitability = inevitabiliti
inevitable = inevitabel
inflicted = inflikted
influence = influens
information = informäcion
informed = informd
informs = informz
initiatives = iniciativz
innocent = inocent
inside = insïd
insist = insist
insisting = insisting
institution = institucion
institutions = institucionz
instructive = instrəktiv
integrated = integräted
intellectual = intelektüal
intelligence = intelijens
interact = interakt
interest = intrest
interests = intrests
international = internacional
intertwinement = interwïnment
into = intu
introduced = introdust
introducing = introducing
introduction = introdəkcion
intrusiveness = intrüsivnes
invest = invest
invitation = invitäcion
invited = invïted
iron = ïron
is = iz
isn’t = izn’t
isolated = ïsoläted
issues = isüz
it = it
its = its
itself = itself
it’d = it’d
it’s = it’s
i’d = ï’d
i’ll = ï’l
i’m = ai’m
i’ve = ï’v
jacket = jaket
james = jämz
japan = japan
japanese = japanëz
jiechi = jiechi
jimmy = jimi
jingsheng = jingsheng
jinping = jinping
job = job
jobs = jobz
join = join
joined = joind
joining = joining
julie = juli
just = jəst
justice = jəstis
kansas = kanzas
kayla = keila
kazakhs = kazaks
keep = kyp
key = ki
kicked = kikt
killing = kiling
kind = kïnd
kissinger’s = kisinjer’s
knee = kny
knew = kneu
know = knou
knowledge = knolej
known = knoun
kong = kong
kongers = kongerz
kong’s = kong’s
labor = läbor
labors = läborz
ladies = lädiz
lai = lai
laid = leid
land = land
language = languaj
large = larj
last = last
later = läter
laughter = lafter
laurie = loəri
law = loə
lead = led
leader = lyder
leaders = lyderz
leadership = lydership
learned = lərnd
least = lyst
leave = lyv
lebron = lebron
led = led
legacy = legaci
leninism = leninizm
leninist = leninist
leninists = leninists
less = les
let = let
let’s = let’s
level = level
liberation = liberäcion
liberty = liberti
library = lïbrari
lie = lï
life = laif
lifetime = laiftaim
like = laik
likelihood = lïklihud
likely = lïkli
limit = limit
linda = linda
lines = lïnz
listened = lisend
listening = lisening
literally = literali
little = litel
live = lïv
lived = lïvd
living = living
lobo = löbo
london = ləndon
long = long
longer = longer
look = luk
los = lös
losing = luzing
losses = losez
lot = lot
loving = ləving
m = m
made = meid
major = mäjor
make = meik
making = mäking
man = man
management = manajment
many = meni
mao = mao
marginalized = marjinalïzd
marine = marin
mark = mark
market = market
marks = marks
marriott = merriot
marshall = marshal
marshall’s = marshal’s
marxist = marksist
masks = masks
massive = masiv
mater = mater
matter = mater
maverick’s = maverik’s
may = mei
maybe = meibi
me = mi
mean = myn
means = mynz
meant = ment
measure = mezür
measures = mezürz
media = mëdia
medium = mëdium
meet = myt
meeting = myting
meetings = mytingz
members = memberz
men = men
menacing = menacing
mention = mencion
mentioned = menciond
menu = menü
mercy = mərci
messaging = mesajing
met = met
michael = mïkel
might = mait
mike = mïk
mildly = mïldli
militarize = militarïz
military = militari
millions = milionz
mind = mïnd
minded = mïnded
minds = mïndz
miscommunication = miskomünikäcion
misjudged = misjəjd
missing = mising
mission = mishon
mistakes = mistäks
misunderstandings = misənderstandingz
model = model
moment = möment
money = məni
month = mənþ
more = mor
morning = morning
most = möst
mother’s = məðer’s
move = muv
movement = muvment
movie = muvi
moving = muving
mr = mr
much = məch
multidimensional = məlti­dimensional
multiyear = məltiyër
munich = münik
museum = müzëum
must = məst
mutual = mütüal
my = mai
naive = naiv
name = näm
nathan = näþan
nation = näcion
national = nacional
nations = näcionz
nation’s = näcion’s
nato = näto
natural = natüral
nature = nätür
naval = näval
navigation = navigäcion
navy = nävi
need = nyd
needed = nyded
needs = nydz
neither = nëðer
never = never
new = neu
news = neuz
next = nekst
night = nait
nixon = nikson
nixon’s = nikson’s
no = nö
nobly = nobli
nominated = nominäted
nope = nöp
nor = nor
normal = normal
norway = norwei
not = not
noted = nöted
noticed = nötist
notion = nöcion
novel = novel
now = nau
nuclear = nüklyr
number = nəmber
obama = öbama
objective = objektiv
obligations = obligäcionz
obliged = oblïjd
observed = obzərvd
of = əv
off = of
offer = ofer
office = ofis
often = ofen
oh = ö
old = old
on = on
once = wuns
one = wun
ones = wunz
one’s = wən’s
ongoing = ongouing
only = önli
open = öpen
opened = öpend
opening = öpening
operate = operät
operating = operäting
operational = operäcional
operations = operäcionz
opinion = opinion
opinions = opinionz
opportunity = oportuniti
opposing = opözing
opposite = opozit
oppressed = oprest
oppression = opreshon
or = or
orange = oranj
ordained = ordeind
order = order
organizations = organizäcionz
other = əðer
others = əðerz
ought = oət
our = aur
ours = aurz
ourselves = aurselvz
out = aut
outbreak = autbreik
outcome = autkəm
outlet = autlet
outside = autsïd
outspoken = autspöken
outstanding = autstanding
over = över
own = oun
o’brien = o’brïen
o’brien’s = o’brïen’s
p = p
pacific = pacifik
paid = peid
pandemic’s = pandemik’s
paradigm = peiradïgm
part = part
participate = participät
particular = partikülar
partisan = partizan
partners = partnerz
parts = parts
party = parti
party’s = parti’s
past = past
pastor = pastor
patches = pachez
patriotism = pätriotizm
patrolling = patröling
patronizing = pätronïzing
peace = pys
peaceful = pycful
peacemaker = pycmäker
people = pypel
people’s = pëpel’s
perceive = percëv
perfect = perfekt
perfectly = pərfektli
perhaps = perhaps
permit = permit
person = pərson
personal = pərsonal
perspective = perspektiv
phase = fäz
philadelphia = filadelfia
philosophers = filosoferz
phone = fön
phrase = fräz
pick = pik
picked = pikt
picking = piking
piece = pys
pieces = pycez
place = pläs
places = pläcez
player = pleier
please = plyz
pleasure = plezür
plenty = plenti
plus = pləs
podium = pödium
point = point
policies = policiz
policy = polici
policymakers = policimäkerz
political = politikal
pompeo = pömpeo
positioned = poziciond
positioning = pozicioning
possess = pozes
possible = posibel
potential = potencial
power = pauer
powerful = pauerful
practices = prakticez
prayer = preier
pre = prë
predictable = prediktabel
premise = premis
premises = premisez
prepared = prepeird
preparing = prepeiring
present = prezent
presents = prezents
preserve = prezərv
president = prezident
presidential = prezidencial
president’s = prezident’s
press = pres
presumed = prezumd
pretending = pretending
pretty = priti
prevents = prevents
previous = prëvios
price = prïs
primary = prïmari
principle = principel
principles = principelz
prior = prïor
private = prïvat
prized = prïzd
produce = produs
profits = profits
progress = progres
proliferation = pröliferäcion
promise = promis
promised = promist
promises = promisez
propaganda = propaganda
propagandists = propagandists
propagating = propagäting
property = properti
proposed = propözd
prosperity = prosperiti
prosperous = prosperos
protect = protekt
protected = protekted
protects = protekts
proud = praud
prove = pruv
pta = p­ta
punishment = pənishment
purpose = pərpos
pursue = pərsu
pursued = pərsud
pursuing = pərsuing
pushing = pushing
put = put
putin = putin
quaint = queint
quake = kweik
question = question
questions = questionz
quite = quït
quo = quö
quote = quöt
r = r
raid = reid
raise = reiz
raised = reizd
ramped = rampt
ran = ran
rank = rank
rational = racional
reacquaint = rei­akweint
read = ryd
reading = ryding
reagan = reigan
real = ryl
realities = realitiz
realizing = rylïzing
really = rili
reason = ryzon
received = recëvd
recently = rëcentli
reciprocity = reciprociti
reckon = rekon
recognition = rekognicion
recognize = rekognïz
recognized = rekognïzd
recognizing = rekognïzing
records = rekordz
redline = redlïn
reduce = redus
reference = referens
referenced = referenst
references = referencez
reflects = reflekts
regime = rejim
regimes = rejimz
region = rëjon
reject = rejekt
rejected = rejekted
rejecting = rejekting
relations = reläcionz
relationship = reläcionship
relationships = reläcionships
relatively = relativli
relentlessly = relentlesli
reliable = relïabel
rely = relai
remarkable = remarkabel
remarks = remarks
removed = remuvd
rendition = rendicion
reorient = reorient
reoriented = rëoriented
repeat = repyt
repeating = repyting
representative = reprezentativ
representatives = reprezentativz
repression = represhon
republic = repəblik
reputation = repütäcion
require = requïr
research = resərch
resources = rësorcez
respect = respekt
respected = respekted
respond = respond
responding = responding
responsibility = responsibiliti
rest = rest
restrict = restrikt
resume = rezum
resurrected = rezərekted
retiring = retïring
return = retərn
returned = retərnd
reverent = reverent
reversed = revərst
review = reveu
rewarded = reworded
rewrite = rerït
richard = richard
right = rait
rights = raits
ringing = ringing
ripped = ript
rise = rïz
risk = risk
robert = robert
rose = röz
round = raund
rule = rül
rulers = rülerz
rules = rülz
run = rən
russia = rəsha
russians = rəshanz
russia’s = rəsha’s
s = s
sad = sad
safe = seif
safely = seifli
safer = säfer
safety = seifti
said = sed
sake = säk
same = säm
sanctioned = sankciond
sand = sand
santa = santa
save = säv
saw = soə
say = sei
says = sez
scared = skeird
school = skul
schools = skulz
scripture = skriptür
sea = sy
seas = syz
seated = syted
second = sekond
secret = sëkret
secretary = sekretari
secrets = sëkrets
section = sekcion
secure = sekür
secured = sekürd
securing = seküring
security = seküriti
see = sy
seeing = sying
seem = sym
seemed = symd
seems = symz
seen = syn
self = self
senator = senator
senators = senatorz
senior = sënior
sense = sens
sent = sent
sentence = sentens
series = sëriz
serious = sërios
served = sərvd
set = set
setting = seting
settle = setel
several = sevral
shifted = shifted
shirts = shərts
should = shud
show = shou
showing = shouing
side = said
sides = saidz
sign = sain
signal = signal
significance = signifikans
signing = saining
silence = sïlens
silent = sïlent
simple = simpel
simply = simpli
since = sins
singling = singling
sister = sister
sitting = siting
situation = sitüäcion
skins = skinz
slave = släv
small = smol
so = sou
social = söcyal
societies = socïetiz
society = socïeti
soft = soft
software = softweir
some = səm
somehow = səmhau
someone = səmwən
something = səmþing
soon = sun
sought = soət
south = sauþ
southern = səðern
sovereignty = sovrenti
soviet = söviet
space = späs
sparta = sparta
speak = spyk
speaking = spyking
special = specyal
specifically = specifikli
speech = spych
speeches = spychez
spending = spending
spent = spent
spirit = spirit
spoke = spök
sponsored = sponsord
sports = sports
spotlight = spotlït
spying = spïing
square = squär
sr = sr
st = st
staff = staf
staggering = stagering
stance = stans
stand = stand
standards = standardz
standing = standing
staring = steiring
start = start
state = stät
statement = stätment
states = stäts
state’s = stät’s
statistics = statistiks
status = status
steal = styl
still = stil
stood = stud
stopped = stopt
store = stor
stories = storiz
story = stori
storylines = storilïnz
straight = streit
strain = strein
strait = streit
strategic = stratëjik
strategist = stratejist
strategy = strateji
strike = straik
strikes = straiks
stronger = stronger
student = student
students = students
study = stədi
stunningly = stəningli
subjects = səbjekts
subvert = subvərt
successful = sukcesful
such = səch
sucked = səkt
sufficient = suficyent
suggestions = sugjestionz
sun = sən
sung = səng
supply = suplai
support = suport
supremacy = supremaci
sure = shur
surely = shurli
surmise = sərmïz
surveilled = sərveild
survivors = sərvïvorz
sweet = swyt
sydney = sidni
symbol = simbol
systems = sistemz
t = t
table = täbel
tactical = taktikal
taiwan = taiwan
take = teik
taken = teiken
takes = täks
taking = täking
talent = talent
talk = toək
talked = toəkt
talking = toəking
task = task
taxpayer = takspeier
team = tym
teams = tymz
tear = ter
technology = teknoloji
telecommunications = telekomünikäcionz
tell = tel
telling = teling
tent = tent
tentacles = tentakelz
terms = tərmz
terrorism = terrirzm
th = þ
than = ðan
thank = þank
thanking = þanking
thanks = þanks
that = ðat
that’s = ðat’s
the = ðe
theft = þeft
their = ðeir
them = ðem
themselves = ðemselvz
then = ðen
theology = þeoloji
theories = þiriz
there = ðer
thereafter = ðerafter
there’s = ðer’s
these = ðyz
they = ðei
they’d = ðei’d
they’ll = ðei’l
they’re = ðei’r
they’ve = ðei’v
thing = þing
things = þingz
think = þink
thinking = þinking
this = ðis
those = ðouz
though = ðou
thought = þoət
threat = þret
threaten = þreten
threatens = þretenz
threats = þrets
three = þry
throughout = þruaut
thus = ðəs
tiananmen = tienanmen
ticked = tikt
tide = tïd
tightens = taitenz
tiktok = tiktok
time = taim
times = taimz
timidity = timiditi
timing = tïming
title = tïtel
to = tu
today = tudei
together = togeðer
tomorrow = tomorou
tone = tön
too = tu
tools = tulz
top = top
totalitarian = tötaliteirian
tough = təf
towards = towordz
trade = träd
trading = träding
transparency = transpeirenci
transparent = transpeirent
trap = trap
traveled = traveld
treasury = trezüri
treat = tryt
treatment = trytment
treats = tryts
tremendous = tremendos
tricia = tricya
trip = trip
triumph = trïumf
triumphalist = trïəmfalist
trouble = trəbel
true = trü
truly = trüli
trump = trəmp
trump’s = trəmp’s
trust = trəst
truth = trüþ
try = trai
tuning = tuning
turn = tərn
turning = tərning
twice = twais
two = twu
tyrannize = tiranïz
tyranny = tirani
ultimate = əltimat
ultimately = əltimatli
unalienable = ənälienabel
under = ənder
undermined = əndermïnd
understanding = ənderstanding
understandings = ənderstandingz
undoubtedly = əndautedli
unfavorable = ənfävorabel
union = ünion
united = ünïted
universal = ünivərsal
unlawful = ənloəful
unless = ənles
unlike = ənlïk
unlikely = ənlïkli
until = əntil
unwittingly = ənwitingli
up = əp
uphold = uphold
upon = əpon
urged = ərjd
us = əs
use1 = üs
use2 = üz
used = üzd
using = üzing
ussr = üssr
uyghur = uigur
uyghurs = uigurz
valley = vali
verification = verifikäcion
verify = verifai
very = veri
victory = viktori
vietnam = vietnam
view = veu
vigorous = vigoros
vigorously = vigorosli
violations = vïoläcionz
virulent = virulent
virus = vïrus
vision = vizion
visit = vizit
vladimir = vladimir
vocabulary = vokabülari
voices = voicez
volunteer = voləntyr
volunteered = voləntyrd
walk = woək
wall = wol
wang = wang
want = wont
wanted = wonted
war = wor
warheads = worhedz
warm = worm
warned = wornd
warrior = worrior
was = woz
washed = wosht
watch = woch
watched = wocht
watching = woching
waterways = woterweiz
wave = wäv
way = wei
ways = weiz
we = wi
weak = wyk
weakened = wykend
weaponized = weponïzd
wearing = wering
websites = web­sïts
week = wyk
weeks = wyks
wei = wei
welcome = welkom
welcoming = welkoming
well = wel
went = went
were = wer
west = west
western = western
we’ll = wë’l
we’re = wë’r
we’ve = wi’v
what = hwot
whatever = hwotever
what’s = hwot’s
when = hwen
whenever = hwenever
where = hwer
wherever = hwerever
whether = hweðer
which = hwich
while = hwail
whisper = hwisper
who = hu
whom = hum
whose = huz
why = hwai
widget = wijet
will = wil
willing = wiling
wilson = wilson
win = win
winning = wining
winsun = winsun
wise = wïz
with = wið
within = wiðin
without = wiðaut
wittingly = witingli
women = wimen
won = wən
wonderful = wənderful
won’t = wön’t
words = wərdz
work = wərk
worked = wərkt
workers = wərkerz
working = wərking
world = wərld
world’s = wərld’s
worry = wərri
would = wud
wouldn’t = wudn’t
wray = rei
wrong = rong
wrote = röt
wuhan = wuan
xi = xi
xinjiang = xinjiang
xinjiang’s = xinjiang’s
yang = yang
yang’s = yang’s
yeah = ya
year = yir
years = yirz
yes = yes
yesterday = yesterdei
yihe = yihe
yorba = yorba
york = york
you = yu
your = yor
you’d = yu’d
you’ll = yu’l
you’re = yu’r
you’ve = yu’v
zen = zen