# 0. ə ä ë ï ö ü ¬
a = a
abbit = abbit
ablaze = ableiz
ablazed = ableizd
ac = ak
ache = eik
achine = ashin
afrai = afrei
aggrieve = agrëv
aggrieved = agrëvd
aggrievedly = agrëvdli
aggrieves = agrëvz
aggrieving = agrëving
agic = ajik
agician = ajicyan
ago = agou
agree = agrë
agreed = agrëd
agreement = agrëment
ain = ein
’air = ’eir
air = eir
airing = eir
’alf = ’af
alive = alaiv
alleon = aleon
alloon = alun
allop = alop
all’s = ol’z
almost = olmoust
alone = aloun
alor = alor
alors = alorz
althoug = olthou
altogether = oltugether
alvays = olveiz
amaze = ameiz
amazement = ameizment
amazing = ameizing
’ang = ’ang
angerous = anjeros
annonball = anonbol
answer = anser
answered = anserd
answering = ansering
answers = anserz
apiece = apëc
appealed = apëld
appearance = apëranc
appear = apër
appeared = apërd
appearing = apëring
appears = apërz
appened = apend
approach = apröch
approached = apröcht
approaches = apröchez
approaching = apröching
aquarium = aquärium
area = ärea
aren’t = ar’nt
arge = arj
arise = araiz
aristocracy = äristokraci
’arrow = ’arou
’as = ’az
ashamed = asheimd
’asn’t = ’az’nt
asn’t = az’nt
assure = ashur
assured = ashurd
atch = ach
atisfied = atisfaid
’ats = ’ats
atuous = atüos
aunt = əunt
aunts = əunts
avait = aveit
av = av
’aven’t = ’av’nt
aven’t = av’nt
awake = aweik
aware = aweir
ays = ez
babe = beib
babies = beibiz
baby = beibi
bake = beik
bake = beik
baked = beikt
baking = beiking
barring = barring
bathing = beithing
b = b
beach = bych
beast = bëst
beasts = bësts
be = by
became = bekeim
bee = byi
beehive = byihaiv
been = byn
behave = beheiv
behaved = beheivd
behaves = beheivz
behaving = beheiving
behin = behain
behind = behaind
beijing = beijing
beijing’s = beijing’s
being = bying
beings = byingz
bellig = belij
beside = besaid
besides = besaidz
beyond = be¬yond
bind = baind
bite = bait
biting = baiting
blade = bleid
blades = bleidz
blimey = blaimi
blue = bleu
bluebottle = bleubotel
bolt = bolt
bolted = bolted
bolts = bolts
bone = boun
bonfire = bon¬fair
both = bouth
bow1 = bou
bow2 = bau
bow = bau
box = boks
boxes = boksez
brake = breik
brakes = breiks
break = breik
brett = bret
brett’s = bret’s
broke = brouk
broken = brouken
bruise = bruz
bruised = bruzd
bruises = bruzez
bruising = bruzing
bulgaria = bulgäria
bunsen = bənsen
buy = bəi
buys = bəiz
by = bai
bye = bai
ca = ka
cake = keik
cakes = keiks
came = keim
campaign = kampein
cannot = kannot
can’t = ka’nt
careful = keirful
carefully = keirfulli
care = keir
careless = keirles
carelessly = keirlesli
caretaker = keir¬teiker
caretakers = keir¬teikerz
catc = catc
c = c
ccp = ckp
ccp’s = ckp’s
cease = cës
ceased = cëst
ceases = cësez
ceasing = cësing
ceos = ceoz
charred = chard
chase = chäc
chased = chäct
chases = chäcez
chasing = chäcing
chew = cheu
chief = chëf
chief’s = chëf’s
chiefs = chëfs
child = chaild
childhood = chaildhud
chinese = chïnëz
chocolate = chokolat
choke = chouk
choke = chouk
choked = choukt
chose = chouz
chosen = chouzen
cio = kio
climbed = klaimd
climbing = klaiming
climb = klaim
close1 = klous
close2 = klouz
closed = klouzd
close = klouz
closely = klousli
closer = klouser
closing = klouzing
clothes = klouthz
clothing = klouthing
coast = köst
cockatrice = kokatric
cockatrices = kokatricez
cocksure = kokshur
co = kə
comb = koum
compare = kompär
concealed = koncëld
conceal = koncël
copyrigh = kopirəi
cosy = kouzi
couldn’t = kud’nt
counterspy = kaun­ters­pï
countryside = kəntrisaid
’cours = ’körs
courtyard = kort¬yard
cove = kouv
coves = kouvz
coyote = koyöte
cozy = kouzi
cradle = kreidel
cradles = kreidelz
created = kreäted
create = kreät
creates = kreäts
creating = kreäting
creature = krëatür
creatures = krëatürz
cried = kraid
cries = kraiz
crowy = kroui
crumptious = krəmpcyos
crying = kraiing
cry = krai
ct = kt
cumulus = kümulus
cunnin = kənin
cupboard = kəpbord
dared = deird
dare = deir
daresay = deirsei
dares = deirz
daring = deiring
daytime = dei¬taim
daze = däz
dazed = däzd
dazes = däzez
d = d
de = dy
defeat = defët
defeated = defëted
defeating = defëting
defeats = defëts
deirdre = dyrdre
des = des
dese = dyz
despiser’s = despïzer’s
diamond = dïamond
diamond = dïamond
diamonds = dïamondz
didn’t = did’nt
die = dai
died = daid
directions = direkcionz
disappear = disapër
disappeared = disapërd
disappears = disapërz
dive = daiv
dived = daivd
dives = daivz
diving = daiving
dna = dna
does = dəz
doesn’t = dəz’nt
don’t = do’nt
dos = duz
downsy = daunsi
dozed = douzd
doze = douz
dozes = douzez
dozing = douzing
dr = dr
dried = draid
drive = draiv
driver = draiver
drove = drouv
dryly = draili
dulcibelle = dəlcibel
dulcibelle’s = dəlcibel’s
dune = dün
durrell = dərel
dying = daiing
d’you = d’yu
eadache = edeik
’ead = ’ed
’eard = ’erd
’eart = ’art
eartfelt = artfelt
earthquake = ərthkweik
earthquakes = ərthkweiks
’ear = ’yr
eateth = yteth
eautiful = ütiful
’eavy = ’evi
ecipe = ecipe
ecluded = ekluded
ecret = ëkret
eetle = ëtel
eez = yz
eight = eyt
eighth = eytth
eightieth = eyttith
eighty = eytti
either = yther
elicious = ëlicyos
’e’ll = ’y’l
’elp = ’elp
elp = elp
emarkably = emarkabli
embarrassed = embarast
embarrass = embaras
embarrasses = embarasez
embarrassing = embarasing
embarrassment = embarasment
employee = employë
employees = employëz
enerally = enerali
’ere = ’ir
’ere’s = ’ir’z
eriod = ëriod
erious = ërios
errible = eribel
ertain = ərtein
es = es
estaurant = estəuran
est = est
’e’s = ’y’z
etamorphosis = etamorfosis
evening = yvning
even = yven
every = evri
e’ve = y’v
evil = yvil
exceeded = excëded
exceed = excëd
exceeding = excëding
’exceedingly = ’excëdingli
exceedingly = excëdingli
exceeds = excëdz
exclaimed = exklämd
exclaim = exkläm
exclaiming = exkläming
exclaims = exklämz
excuse2 = exküz
’e = ’y
eyebrow = əibrau
eyed = əid
eye = əi
eyeing = əiing
eyelashe = əi¬lash
eyelashes = əi¬lashez
eyelid = əi¬lid
eyelids = əi¬lidz
eyes = əiz
eyesight = əisəit
fading = feiding
fair’s = feir’z
falling = foling
farewell = feir¬wel
fatly = fatli
fbi = fbi
fearfully = fir¬fulli
f = f
fiery = fairi
file = fail
find = faind
finding = fainding
firebreathing = fairbrything
fired = faird
firedrake = fair¬dreik
firedrakes = fair¬dreiks
fire = fair
fireflies = fairflaiz
firefly = fairflai
firelight = fair¬ləit
fireproof = fairpruf
fires = fairz
firework = fair¬wərk
fireworks = fair¬wərks
firing = fairing
five = faiv
flashlights = flashləits
flibberty = fliberti
flying = flaiing
folk = fouk
fooled = fuuld
fool = fuul
foolish = fuulish
fools = fuulz
forty = fourti
four = four
fourteen = four¬tyn
fourth = fourth
foxes = foksez
fox = foks
frame = freim
friday = fraidei
fro = frou
froze = frouz
furnitur = furnitür
gamboled = gambold
game = geim
gape = geip
gaping = geiping
gate = geit
gate = geit
gates = geits
gave = geiv
gazed = geizd
gaze = geiz
gazing = geizing
generally = jeneralli
g = g
ghost = goust
gibberty = giberti
glared = gleird
glare = gleir
glares = gleirz
glaring = gleiring
glubbing = gləbing
glup = gləp
goes = gouz
goeth = gouth
go = gou
going = gouing
goings = gouingz
goot = gut
graduate = gradüat
grave = greiv
graze = greiz
grazing = greizing
greece = grëc
greek = grëk
grew = greu
growly = grouli
growt = grout
growt’s = grout’s
gruesome = grusəm
guy = gï
guys = gïz
harry = hari
haste = heist
hastily = heistili
hate = heit
haven’t = hav’nt
haze = heiz
hazel = heizel
hear = hyr
hearing = hyring
hears = hyrz
he’d = hy’d
hef’s = hef’s
he = hy
he’ll = hy’l
here = hir
here’s = hir’z
her = hər
he’s = hy’z
h = h
h’ = h’
hiccup = hikəp
hiccups = hikəps
hic = hik
hide = haid
hiding = haiding
hie = hai
hi = hai
hillside = hilsaid
himble = himbel
hind = haind
hire = hair
hirl = hərl
hisself = hizself
hoarse = hours
ho = hou
hole = höl
hole = houl
holy = houli
home = houm
homeless = houmles
hopefully = houp¬ful¬li
hope = houp
hoping = houping
hortense = hortens
hortense’s = hortens’s
hould = hould
hour = auer
hours = auerz
houseflies = hausflaiz
housefly = hausflai
houston = heuston
howed = houd
how’s = hau’z
hows = hauz
hows = houz
huawei = huawei
hubei = hubei
hught = huht
hught’s = huht’s
i = ai
iamond = ïamond
ice = ais
icing = aising
ick = ik
ictionary = ikcyonari
i’d = ai’d
ideous = ïdeos
idiculous = idikülos
iercing = yrcing
ight = ait
ii = ii
ik = ik
i’ll = ai’l
’ill = ’il
i’m = ai’m
increased = inkrëst
increased = inkrëst
increase = inkrës
increases = inkrësez
increasing = inkrësing
indeed = indyd
inside = insaid
insight = insəit
insurance = inshuranc
intertwinement = interwainment
ion’s = yon’z
ipple = ipel
ippo’s = ipo’s
ircle = ərkel
ird = ərd
’ire = ’air
’ire = ’ïr
irl = ərl
irm = ərm
iron = airon
iron = airon
ironing = aironing
irror = iror
irst = ərst
isbn = isbn
’is = ’iz
island = ailand
islands = ailandz
issed = ist
ithuanian = ithuänian
it’s = it’z
ittle = itel
ity = iti
i’ve = ai’v
jaipur = jaipur
ja = ja
jiechi = jiechi
jinping = jinping
j = j
jpg = jpg
katmandu = katmandu
keyboard = kybəurd
key = ky
keys = kyz
kindest = kaindest
kind = kaind
kindly = kaindli
kindness = kaind¬nes
k = k
knife = knaif
knives = knaivz
kno = kno
laden = leiden
ladies = leidiz
ladle = leidel
ladles = leidelz
lady = leidi
lake = leik
lakes = leiks
landscape = landskeip
late = leit
later = leiter
latest = leitest
lazy = leizi
lead1 = led
lead = lyd
league = lëg
leagues = lëgz
leant = lynt
leetle = lytel
lied = laid
lie = lai
lies = laiz
life = laif
lifelike = laif¬laik
lifetime = laiftaim
lif = lif
ligh = lai
likeable = laikabel
liked = laikt
like = laik
likely = laikli
likes = laiks
lik = lik
live1 = laiv
live2 = liv
lived = livd
live = laiv
liven = laiven
lives1 = laivz
l = l
ll = l
lo = lou
lonely = lounli
lopsidedly = lopsaidedli
lready = lredi
lungfuls = ləngfulz
lurketh = lərkth
lways = lweiz
lying = laiing
madeira = madëra
made = meid
maharaja = maharaja
make = meik
makes = meiks
makeup = meik¬əp
making = meiking
mandrake = mandreik
mandrakes = mandreiks
mane = män
mao = mao
marijuana = marihuana
marriage = mariaj
marriages = mariajez
mastermind = mastermaind
maybe = meibi
maze = meiz
meantime = myntaim
meanwhile = mynwail
measure = mezür
measures = mezürz
meet = myt
me = my
merely = mirli
mere = mir
meringue = merang
meringues = merangz
mhoram = mhoram
mice = mais
michael = mïkel
midnight = midnəit
minded = mainded
mind = maind
mine2 = mïn
mine = main
misshapen = mis¬sheipen
mistake = mis¬teik
mistaken = mis¬teiken
mistakes = mis¬teiks
m = m
moonlight = munləit
moonrise = mun¬raiz
mooooo = muuuu
mooooooo = muuuuuu
mortifie = mortifï
most = moust
mountainside = mauntensaid
mouth = mauth
mouths1 = mauths
mouths2 = mauthz
mouths = mauths
mr = mr
must’ve = məst’v
myself = maiself
mythologia = mitholojia
mythologi = mitholoji
naive = naiv
naked = neiked
name = neim
name’s = neim’z
names = neimz
narrower = narouer
narrow = narou
naturall = natüral
neither = nyther
nephew = neveu
nephews = neveuz
next = nekst
nicorn’s = nikorn’s
nine = nain
ninety = nainti
n = n
nobody = noubodi
no = nou
normally = normalli
northeast = north¬yst
nose = nouz
noses = nouzez
nozzing = nozing
nth = nth
nuffink = nəfink
o2 = ou
o3 = ə
oad = oud
obin’s = obin’s
ockatrice = okatric
ock = ok
’o’d = ’u’d
oh = ou
ok = oukei
’old = ’old
’old = ’ould
’oliday = ’olidei
ollapsible = olapsibel
olumn = oləmn
oment = oment
oment’s = oment’s
ommand = omand
ompass = ompas
omplete = omplët
once = wəns
onderful = ənderful
’ones = ’ones
’onest = ’onest
ones = wənz
one = wən
ongoing = ongouing
onl = onl
only = ounli
ontario = ontärio
ooer = uer
ook = uk
ool = ul
oom = um
ooooo = uuuu
ooos = uuz
ooo = uu
oor = ur
’oo’s =  ’u’z
’ootled = ’uteld
ootled = utled
’oo = ’u
opened = oupened
open = oupen
’ope = ’oup
’op = ’op
opular = opülar
orgeous = orjos
orld = ərld
’orrid = ’orid
’orrors = ’ororz
ositive = ozitiv
otherwise = ətherwaiz
’ot = ’ot
’o = ’u
oubt = aut
ouldn’t = udn’t
ount = aunt
ountry = auntri
ourselve = aurselv
’ouse = ’aus
ouse = aus
outbreak = autbreik
outside = autsaid
overcome = ouverkəm
overcrowded = ouverkrauded
overheard = ouverhərd
over = ouver
overripe = ouverraip
overseer = ouver¬syer
’ow = ’au
pacious = päcyos
paddied = padid
paoul = paul
paris = päris
parrot = parot
parrot’s = parot’s
parrots = parots
paths = paths
peace = pëc
pecial = pecial
peech = pych
peering = pyring
penelope’s = penelope’s
penknife = penknaif
people = pëpel
people’s = pëpel’s
peoples = pëpelz
perfession = perfesion
periwinkle = periwinkel
periwinkles = periwinkelz
pestle = pesel
pestles = peselz
ph = f
piece = pëc
pieces = pëcez
pie = pai
pipe = paip
pipes = paips
piping = paiping
pleasedly = plëzdli
pleased = plëzd
please = plëz
pleases = plëzez
pleasing = plëzing
pleeze = plyz
pole = poul
poles = poulz
polish1 = pölish
pool = puul
p = p
pride = praid
proceeded = procëded
proceeding = procëding
proceed = procëd
proceed = procëd
proceeds = procëdz
proclaimed = proklämd
proclaiming = prokläming
proclaim = prokläm
proclaims = proklämz
putin = putin
putting = puting
quake = kweik
quawk = kwəuk
queaky = kwyki
queen = kwyn
quick = kwik
quickly = kwikli
quicksand = kwiksand
quicksands = kwiksandz
raked = reikt
rake = reik
raker = reiker
read2 = red
reading = ryding
read = ryd
realized = rëalïzd
realize = rëalïz
realizes = rëalïzez
realizing = rëalïzing
really = rëalli
real = rëal
reappeared = reapërd
reappearing = reapëring
reappear = reapër
reappears = reapërz
reasoned = rëzond
reasoning = rëzoning
reason = rëzon
reason = ryzon
reasons = rëzonz
recall1 = rëkol
recall2 = rekol
recall = rekol
reechoed = reekod
reechoing = reekoing
relief = relëf
relieved = relëvd
relieve = relëv
relieves = relëvz
relieving = relëving
remade = remeid
remind = remaind
reminds = remaindz
remounted = remaunted
remounting = remaunting
remount = remaunt
remounts = remaunts
rescu = reskü
retreated = retrëted
retreating = retrëting
retreat = retrët
retreats = retrëts
retributive = retribütiv
ride = raid
riding = raiding
riend = rend
riffled = rifeld
right = rəit
rincess = rinces
ripe = raip
rise = raiz
rises = raizez
rising = raizing
riumphant = rïumfant
rocodile = rokodïl
rode = roud
rolled = rould
rolling = rouling
roll = roul
rolls = roulz
romontory = romontori
rope = roup
ropes = roups
rose1 = röz
rose2 = rouz
rownish = raunish
’r = ’r
r = r
rustlers = rəslerz
safely = seifli
safe = seif
safe = seif
safety = seifti
sake = seik
sale = seil
same = seim
saved = seivd
save = seiv
saves = seivz
saving = seiving
says = sez
scarcely = skärcli
scarce = skärc
scared = skeird
scare = skeir
scares = skeirz
scaring = skeiring
screw = skru
scythed = saitht
scythe = saith
scythes = saiths
scything = saithing
scythin = scithin
seashore = syi¬shor
seasickness = syi¬siknes
seasick = syi¬sik
sea = syi
seawater = syi¬woter
seaweed = syi¬wyd
seemed = symd
seeming = syming
seems = symz
seem = sym
seen = syn
see = sy
sen’s = sen’s
se = sy
sewed = swoud
sewing = swouing
sewn = swoun
sews = swouz
sew = swou
shaded = sheided
shade = sheid
shaken = sheiken
shake = sheik
shaking = sheiking
shame = sheim
shan’t = sha’nt
shaped = sheipt
shape = sheip
shapes = sheips
shared = sheird
share = sheir
shares = sheirz
sharing = sheiring
she’d = shy’d
she’ll = shy’l
shell’s = shel’z
she = shy
she’s = shy’z
shine = shain
shining = shaining
shouldn’t = shud’nt
sh = sh
sidesaddle = said¬sadel
side = said
sides = saidz
siding = saiding
sidings = saidingz
sight = səit
since = sins
site = sait
sites = saits
six = siks
sixth = siksth
sixtieth = sikstith
sixty = siksti
size = saiz
sizes = saizez
slayeth = sleith
slide = slaid
sliding = slaiding
slime = slaim
slimy = slaimi
sloped = sloupt
slope = sloup
slopes = sloups
sloping = slouping
smiled = smaild
smile = smail
smiling = smailing
smoke = smouk
smythe = smaith
snake = sneik
sometime = səmtaim
son = sənn
sons = sənnz
so = sou
so = sou
soufflé = sufle
soulfully = soufulli
soulful = souful
soul = soul
souls = soulz
southeast = sauth¬yst
sowed = sowd
sowing = sowing
sown = sown
sow = sow
sows = sowz
spade = speid
spades = speidz
spare = speir
specially = specialli
species = spëciez
spider = spaider
spies = spïz
spoken = spouken
spokesman = spouks¬man
spoke = spouk
spy = spï
spy’s = spï’s
square = squär
squawk = skwəuk
squeaked = skwykt
squeaking = skwyking
squeak = skwyk
squeaks = skwyks
squeaky = skwyki
squeezed = skwyzd
squeeze = skwyz
squeezes = skwyzez
sr = sr
s = s
stake = steik
stared = steird
stare = steir
steering = styring
stephenson’s = stëvensən’s
stephenson = stëvensən
stolen = stoulen
stole = stoul
stones = stounz
stone = stoun
stony = stouni
strikes = straiks
strike = straik
striped = straipt
stripes = straips
stripe = straip
strode = stroud
stroke = strouk
st = st
succeeded = sukcëded
succeeding = sukcëding
succeeds = sukcëdz
succeed = sukcëd
successfully = sukcesfulli
successful = sukcesful
sugar = shugar
sunbathing = sən¬beithing
sun = sən
sunshine = sənshain
sunstroke = sənstrouk
sure = shur
surveilled = sərveild
swollen = swoulen
sword = sord
swords = sordz
sympathique = simpathik
tabitha’s2 = tabitha’z
taiwan = taiwan
taken = teiken
takes = teiks
take = teik
taking = teiking
tales = tälz
tale = täl
tamest = teimest
tame = teim
tape = teip
tear1 = tir
tear2 = ter
tearful = tirful
tearing = tering
tears1 = tirz
tears2 = terz
tephen = tëven
terrel’s = terel’s
terrel = terel
teven = tëven
that’s = that’z
their = their
theophilus = theofilus
there’r = ther’r
there’s = ther’z
these = thyz
they’re = thei’r
they’r = thei’r
they’ve = thei’v
thirty = thərti
thistledown = thiseldaun
those = thouz
threadlike = thredlaik
threw = threu
throug = thru
th = th
thyme = tïm
tidal = taidal
tied = taid
tie = tai
tiled = taild
time’s = taim’z
times = taimz
time = taim
tiniest = tainiest
tiny = taini
tiptoed = tiptoud
tired = taird
tire = tair
today = tudei
toes = touz
toe = tou
together = tugether
togoland = tögoland
toink = toink
tomorrow = tumorou
tonight = tunəit
too = tuu
towards = tuwordz
toward = tuword
towed = towd
towing = towing
tows = towz
tow = tow
trader = treider
trades = treidz
trade = treid
trading = treiding
transparent = transparent
treat = trët
trees = tryz
tree = try
tridgle = tridgel
tried = traid
triumphalist = trïəmfalist
troublemakers = trəbel¬meikerz
troublemaker = trəbel¬meiker
true = tru
truly = truli
truthfully = truthfulli
truthful = truthful
truth = truth
trying = traiing
t = t
twice = twais
two = twu
tying = taiing
typhoon = taifun
ubstitute = əbstitüt
uccessful = əkcesful
uch = əch
ucket = əket
uck’s = ək’s
udden = əden
ueen = wën
uffin = əfin
’uge = ’üj
uge = üj
uggest = əgest
uiet = uyt
uisance = usanc
ulp = əlp
unaware = ənaweir
unawares = ənaweirz
unch = ənch
undergo = əndergou
undertake = ənder¬teik
uneart = ənərth
’ungarian = ’əngarian
unlike = ənlaik
unlikely = ənlaikli
unny = əni
unrolled = ənrould
unsafe = ənseif
unsuccessful = ənsukcesful
unsuccessfully = ənsukcesfulli
unsureness = ənshurnes
untie = ən¬tai
up = əp
upholstered = əpoulsterd
upholster = əpoulster
upon = əpon
upside = əpsaid
upstairs = əpsteirz
upsy = əpsi
’urt = ’ərt
urved = ərvd
use1 = üs
use1 = üs
use2 = üz
use2 = üz
uses1 = üsez
uses2 = üzez
uses = üzez
use = üz
usical = üzikal
ussr = üssr
uyghurs = uigurz
uyghur = uigur
vacations = vakäcionz
vacation = vakäcion
various = varios
vegetable = vejetabel
vere = vər
ve = vy
vill = vil
vixens = viksenz
vixen = viksen
volunteered = voləntërd
volunteer = voləntër
vould = vud
’v = ’v
v = v
waded = weided
wade = weid
waist = weist
wake = weik
ware = wäre
wasted = wästed
wastes = wästs
waste = wäst
wasting = wästing
waved = weivd
wavelets = weivlets
wavelet = weivlet
wavering = weivering
waves = weivz
wave = weiv
waving = weiving
weaponized = weponïzd
wearing = weiring
wears = weirz
wear = weir
we’d = wy’d
weighed = weyd
weight = weyt
welcomed = wel¬kəmd
welcomes = wel¬kəmz
welcome = wel¬kəm
welcoming = wel¬kəming
we’ll = wy’l
wensleydale = wenslideil
were1 = wer
weren’t = wər’nt
weretoads = wer¬toudz
weretoad = wer¬toud
were = wər
werewolf = wer¬wulf
werewolves = wer¬wulvz
we’re = wy’r
we’ve = wy’v
we = wy
what’s = wot’z
wha = wa
wheedled = wydeld
wheeps = wyps
wheep = wyp
where’s = wer’z
Whereupon = wer¬əpon
whe = we
whew = weu
while = wail
whine = wain
whining = waining
whipsnade = wipsneid
white = wait
who’d = hu’d
whoever = huever
who = hu
wholehearted = houlharted
wholeheartedly = houlhartedli
whole = houl
whole = houl
whom = hum
whooshshshsh = hushhhh
whoo = wu
whose = huz
who’s = hu’z
wh = w
wide = waid
wildlife = waild¬laif
wimple = wimpel
winsun = winsun
without = withaut
woebegone = woubegon
woken = wouken
woke = wouk
won’t = wo’nt
wooden = wuuden
woods = wuudz
wood = wuud
wot’re = wot’r
wot’s = wot’s
wot’s = wot’z
wouldn’t = wud’nt
write = rait
writer = raiter
writes = raits
writhed = raithed
writhe = raith
writhes = raithz
writhing = raithing
writing = raiting
w = w
xinjiang’s = xinjiang’s
xinjiang = xinjiang
xi = xi
x = x
yarring = yaring
yeast = yëst
yield = yëld
yihe = yihe
you’r = yu’r
yo = you
yphoon = ïfun
’ysterica = ’isterika
ysterical = isterikal
ythological = itholojikal
y = y
zat = zat
zay = zei
za = za
zem = zem
zere = zer
zese = zyz
zis = zis
zoological = zöolojikal
zululand = zulu¬land
zut = zət

