# 0. ç ó þ ú ü ¬ Ç Ó Þ Ú Ü
a = a
aback = abach # AH0 B AE1 K
abandon = abandon # AH0 B AE1 N D AH0 N
abandoned = abandoned # AH0 B AE1 N D AH0 N D
abandoning = abandoning # AH0 B AE1 N D AH0 N IH0 NG
abandonment = abandonment # AH0 B AE1 N D AH0 N M AH0 N T
abase = abaase # AX B EY S
abashed = abasced # AH0 B AE1 SH T
abate = abate # AH0 B EY1 T
abdication = abdicaçion # AE2 B D IH0 K EY1 SH AH0 N
abhor = abhor # AE0 B HH AO1 R
abhorred = abhorred # AH0 B HH AO1 R D
abhorrence = abhorrenç # AH0 B HH AO1 R AH0 N S
abhorrent = abhorrent # AE0 B HH AO1 R AH0 N T
abiding = abiding # AH0 B AY1 D IH0 NG
abilities = abillitis # AH0 B IH1 L AH0 T IY0 Z
ability = abilliti # AH0 B IH1 L AH0 T IY0
abject = abject # AE1 B JH EH0 K T
abjectly = abjectli # AE B JH EH K T L IY
ablaze = ablaase # AH0 B L EY1 Z
able = abel # EY1 B AH0 L
abler = aabler # EY1 B AH0 L ER0
ably = aabli # EY1 B L IY0
abominable = abominabel # AH0 B AA1 M AH0 N AH0 B AH0 L
abominate = abominate # AX B OH M IH N EY T
abomination = abominaçion # AH0 B AA2 M AH0 N EY1 SH AH0 N
abominations = abominaçions # AX B OH M IH N EY SH N Z
abounded = abuunded # AH0 B AW1 N D IH0 D
about = abute
above = abuf # AH0 B AH1 V
abruptly = abruptli # AH0 B R AH1 P T L IY0
absence = absenç # AE1 B S AH0 N S
absent = absent # AE1 B S AH0 N T
absently = absentli # AE B S AX N T L IY
absolute = absolüt # AE1 B S AH0 L UW2 T
absolutely = absolütli # AE2 B S AH0 L UW1 T L IY0
absolution = absolüçion # AE2 B S AH0 L UW1 SH AH0 N
absorbed = absorbed # AH0 B Z AO1 R B D
absorbing = absorbing # AH0 B Z AO1 R B IH0 NG
abstract = abstract # AE0 B S T R AE1 K T
abundant = abundant # AH0 B AH1 N D AH0 N T
abused = abüsed # AH0 B Y UW1 Z D
ac = ac
acceptable = acçeptabel # AE0 K S EH1 P T AH0 B AH0 L
accept = acçept # AE0 K S EH1 P T
accepted = acçepted # AE0 K S EH1 P T IH0 D
access = acçess # AE1 K S EH2 S
accessible = acçessibel # AE0 K S EH1 S AH0 B AH0 L
accident = acçident # AE1 K S AH0 D AH0 N T
accidental = acçidental # AE2 K S AH0 D EH1 N T AH0 L
accidentally = acçidentali # AE2 K S AH0 D EH1 N T AH0 L IY0
accompanied = accumpanied # AH0 K AH1 M P AH0 N IY0 D
accompaniment = accumpaniment # AH0 K AH1 M P N IH0 M AH0 N T
accompany = accumpani # AH0 K AH1 M P AH0 N IY0
accomplish = accomplisc # AH0 K AA1 M P L IH0 SH
accomplished = accomplisced # AH0 K AA1 M P L IH0 SH T
accord = accord # AH0 K AO1 R D
according = according # AH0 K AO1 R D IH0 NG
accosted = accosted # AH0 K AA1 S T AH0 D
account = acuunt # AH0 K AW1 N T
accounted = acuunted # AH0 K AW1 N T AH0 D
accounting = acuunting # AH0 K AW1 N T IH0 NG
accounts = acuunts # AH0 K AW1 N T S
accurate = accürate # AE1 K Y ER0 AH0 T
accurately = accürateli # AE1 K Y ER0 AH0 T L IY0
accusation = accüsaçion # AE2 K Y AH0 Z EY1 SH AH0 N
accusations = accüsaçions # AE2 K Y AH0 Z EY1 SH AH0 N Z
accuse = acüse # AH0 K Y UW1 Z
accused = acüsed # AH0 K Y UW1 Z D
accusingly = acüsingli # AH0 K Y UW1 Z IH0 NG L IY0
accustomed = acustomed # AH0 K AH1 S T AH0 M D
acerbic = açerbich # AH0 S EH1 R B IH0 K
ache = ache
ached = aced # EY1 K T
achieve = aceef # AH0 CH IY1 V
achieved = aceefed # AH0 CH IY1 V D
achievements = aceefments # AH0 CH IY1 V M AH0 N T S
aching = aching # EY1 K IH0 NG
acid = açid # AE1 S AH0 D
acidly = açidli # AE1 S AH0 D L IY0
acknowledge = acnollecge # AE0 K N AA1 L IH0 JH
acknowledged = acnollecged # AE0 K N AA1 L IH0 JH D
acknowledging = acnollecging # AE0 K N AA1 L IH0 JH IH0 NG
acquaintance = acquagntanç # AH0 K W EY1 N T AH0 N S
acquaintances = acquagntançes # AH0 K W EY1 N T AH0 N S IH0 Z
acquainted = acquagnted # AH0 K W EY1 N T IH0 D
acquired = acquired # AH0 K W AY1 ER0 D
across = across # AH0 K R AO1 S
act = act # AE1 K T
acted = acted # AE1 K T AH0 D
acting = acting # AE1 K T IH0 NG
action = acçion # AE1 K SH AH0 N
actions = acçions # AE1 K SH AH0 N Z
activate = actifate # AE1 K T AH0 V EY2 T
activated = actifated # AE1 K T AH0 V EY2 T AH0 D
active = actif # AE1 K T IH0 V
actively = actifli # AE1 K T IH0 V L IY0
actual = actüal # AE1 K CH AH0 W AH0 L
actualized = actüalized # AE K T Y UA L AY Z D
actually = actüali # AE1 K CH UW2 AH0 L IY0
acute = acüt # AH0 K Y UW1 T
adam = addam # AE1 D AH0 M
adapt = adapt # AH0 D AE1 P T
added = added # AE1 D AH0 D
addition = adiççion
additional = adiççional # AH0 D IH1 SH AH0 N AH0 L
address = adress # AE1 D R EH2 S
addressed = adressed # AH0 D R EH1 S T
adept = adept # AH0 D EH1 P T
adeptly = adeptli # AE D EH P T L IY
adequate = adequate # AE1 D AH0 K W AH0 T
adherents = adherents # AE0 D HH IH1 R AH0 N T S
adhesive = adheesif # AE0 D HH IY1 S IH0 V
adjudged = ajucged # AH0 JH AH1 JH D
adjured = adjured # AX JH UA D
adjust = ajust # AH0 JH AH1 S T
adjusted = ajusted # AH0 JH AH1 S T AH0 D
adjusting = ajusting # AH0 JH AH1 S T IH0 NG
adjustment = ajustment # AH0 JH AH1 S T M AH0 N T
admirable = admirabel # AE1 D M ER0 AH0 B AH0 L
admiration = admiraçion # AE2 D M ER0 EY1 SH AH0 N
admire = admire # AE0 D M AY1 R
admired = admired # AH0 D M AY1 ER0 D
admirers = admirers # AH0 D M AY1 R ER0 Z
admission = admission # AE0 D M IH1 SH AH0 N
admit = admit # AH0 D M IH1 T
admits = admits # AH0 D M IH1 T S
admittance = admittanç # AH0 D M IH1 T AH0 N S
admitted = admitted # AH0 D M IH1 T AH0 D
admitting = admitting # AE0 D M IH1 T IH0 NG
admonitions = admoniççions # AE2 D M AH0 N IH1 SH AH0 N Z
adoration = adoraçion # AE2 D ER0 EY1 SH AH0 N
adoring = adorring # AH0 D AO1 R IH0 NG
advance = advanç # AH0 D V AE1 N S
advanced = advançed # AH0 D V AE1 N S T
advances = advançes # AH0 D V AE1 N S AH0 Z
advantage = advantaj # AE0 D V AE1 N T IH0 JH
advantageous = advantajos # AE2 D V AH0 N T EY1 JH AH0 S
advantageously = advantajeosli # AE D V AX N T EY JH AX S L IY
advantages = advantajes # AE0 D V AE1 N T IH0 JH IH0 Z
adventure = adventür # AE0 D V EH1 N CH ER0
adventures = adventürs # AE0 D V EH1 N CH ER0 Z
advertise = advertise # AE1 D V ER0 T AY2 Z
advice = advyss # AE0 D V AY1 S
advise = advyse # AE0 D V AY1 Z
advised = advysed # AE0 D V AY1 Z D
advising = advising # AE0 D V AY1 Z IH0 NG
aesthetically = esþetticli # EH0 S TH EH1 T IH0 K L IY0
affably = affabli # AE1 F AH0 B L IY0
affair = affer # AH0 F EH1 R
affairs = affers # AH0 F EH1 R Z
affectation = affectaçion # AE2 F EH0 K T EY1 SH AH0 N
affected = affected # AH0 F EH1 K T AH0 D
affecting = affecting # AH0 F EH1 K T IH0 NG
affection = affecçion # AH0 F EH1 K SH AH0 N
affirm = affurm # AH0 F ER1 M
affirmative = affurmatif # AH0 F ER1 M AH0 T IH0 V
afflicted = afflicted # AH0 F L IH1 K T AH0 D
afford = afford # AH0 F AO1 R D
affront = afrunt # AH0 F R AH1 N T
affronted = afrunted # AH0 F R AH1 N T IH0 D
affrontery = afrunteri # AX F R AH N T AX R IY
afire = affire # AH0 F AY1 R
aflame = aflame # AH0 F L EY1 M
aforementioned = afformençioned # AH0 F AO1 R M EH2 N SH AH0 N D
afraid = afragd # AH0 F R EY1 D
after = after # AE1 F T ER0
afternoon = afternone
afterthought = afterþot # AE1 F T ER0 TH AA2 T
afterward = afterword # AE1 F T ER0 W ER0 D
again = agen # AH0 G EH1 N
against = agenst # AH0 G EH1 N S T
age = aje # EY1 JH
agent = ajent # EY1 JH AH0 N T
agents = ajents # EY1 JH AH0 N T S
ages = ajes # EY1 JH AH0 Z
aggression = agression # AH0 G R EH1 SH AH0 N
aggressive = agressif # AH0 G R EH1 S IH0 V
aggrieved = agreefed # AH0 G R IY1 V D
agility = ajilliti # AH0 JH IH1 L AH0 T IY0
ago = agó # AH0 G OW1
agog = agogg # AH0 G AA1 G
agony = aggoni # AE1 G AH0 N IY0
agree = agree # AH0 G R IY1
agreed = agrede # AH0 G R IY1 D
ah = a # AA1
ahead = ahed # AH0 HH EH1 D
aid = aid # EY1 D
aided = aided # EY1 D AH0 D
aides = aids # EY1 D Z
aiding = aiding # EY1 D IH0 NG
aids = aids # EY1 D Z
aim = ame # EY1 M
aimed = amed # EY1 M D
aiming = aming # EY1 M IH0 NG
aims = ames # EY1 M Z
air = air # EH1 R
aisles = yls # AY1 L Z
aisle = yl # AY1 L Z
akimbo = achimbó # AH0 K IH1 M B OW2
akin = achin # AH0 K IH1 N
alabaster = alabaster # AE1 L AH0 B AE2 S T ER0
alarm = alarm # AH0 L AA1 R M
alarmed = alarmed # AH0 L AA1 R M D
alarms = alarms # AH0 L AA1 R M Z
alas = alass # AH0 L AE1 S
alchemist = alchemist # AE L K IH M IH S T
alchemist’s = alchemist’s # AE L K IH M IH S T S
alchemists = alchemists # AE L K IH M IH S T S
alcohol = alcohol # AE1 L K AH0 HH AA2 L
ale = ale # EY1 L
alert = alurt # AH0 L ER1 T
alerted = alurted # AH0 L ER1 T IH0 D
alertness = alurtness # AH0 L ER1 T N AH0 S
alight = aliht # AH0 L AY1 T
alike = aliche # AH0 L AY1 K
alive = alyf # AH0 L AY1 V
allan = allan # AE1 L AH0 N
allegiance = alejanç # AH0 L IY1 JH AH0 N S
alliance = alyanç # AH0 L AY1 AH0 N S
allied = alied # AH0 L AY1 D
all = ol # AO1 L
allow = alu # AH0 L AW1
allowed = alued # AH0 L AW1 D
allowing = aluing # AH0 L AW1 IH0 NG
allows = alus # AH0 L AW1 Z
alloys = allois # AE1 L OY2 Z
all’s = ol’s
allure = alúr # AH0 L UH1 R
ally = allie # AE1 L AY0
allying = allying # AE1 L AY0 IH0 NG
almighty = olmihti # AO0 L M AY1 T IY0
almost = olmóst
alone = alón
aloneness = alónness # AX L OW N N EH S
along = along # AH0 L AO1 NG
aloof = alooff # AH0 L UW1 F
aloud = alude # AH0 L AW1 D
already = olreddi # AO0 L R EH1 D IY0
also = olsó # AO1 L S OW0
alteration = olteraçion # AO2 L T ER0 EY1 SH AH0 N
alterations = olteraçions # AO2 L T ER0 EY1 SH AH0 N Z
altered = oltered # AO1 L T ER0 D
altering = oltering # AO1 L T ER0 IH0 NG
alternately = olternateli # AO1 L T ER0 N AH0 T L IY0
alternative = olturnatif # AO0 L T ER1 N AH0 T IH0 V
alter = olter # AO1 L T ER0
although = olþó # AO2 L DH OW1
altitude = altitüd # AE1 L T AH0 T UW2 D
altogether = oltogeþþer
always = olwags # AO1 L W EY2 Z
am = am # AE1 M
amaze = amaase # AH0 M EY1 Z
amazed = amaased # AH0 M EY1 Z D
amazement = amaasement # AH0 M EY1 Z M AH0 N T
amber = amber # AE1 M B ER0
ambit = ambit # AE M B IH T
ambition = ambiççion # AE0 M B IH1 SH AH0 N
ambitious = ambiççios # AE0 M B IH1 SH AH0 S
ambulance = ambülanç # AE1 M B Y AH0 L AH0 N S
ambulances = ambülançes # AE1 M B Y AH0 L AH0 N S AH0 Z
ambush = ambúsc # AE1 M B UH2 SH
ameliorate = ameliorate # AH0 M IY1 L Y ER0 EY2 T
amended = amended # AH0 M EH1 N D AH0 D
amendments = amendments # AH0 M EH1 N D M AH0 N T S
americana = americana # AH0 M EH2 R AH0 K AE1 N AH0
amid = amid # AH0 M IH1 D
among = amung # AH0 M AH1 NG
amount = amunt # AH0 M AW1 N T
amused = amüsed # AH0 M Y UW1 Z D
amusement = amüsement # AH0 M Y UW1 Z M AH0 N T
analysis = anallissis
an = an # AE1 N
anarchy = anarci # AE1 N ER0 K IY0
ancestry = ançestri # AE1 N S EH0 S T R IY0
ancient = ancient # EY1 N CH AH0 N T
and = and # AH0 N D
angel = aanjel # EY1 N JH AH0 L
anger = angher # AE1 NG G ER0
angered = anghered # AE1 NG G ER0 D
angers = anghers # AE1 NG G ER0 Z
angle = angel # AE1 NG G AH0 L
angles = angels # AE1 NG G AH0 L Z
angrier = angrier # AE1 NG G R IY0 ER0
angrily = angrili # AE1 NG G R AH0 L IY0
angry = angri # AE1 NG G R IY0
anguish = anguisc # AE1 NG G W IH0 SH
anile = anile # EY N AY L
animal = annimal # AE1 N AH0 M AH0 L
animals = annimals # AE1 N AH0 M AH0 L Z
animation = animaçion # AE2 N AH0 M EY1 SH AH0 N
ankle = anchel # AE1 NG K AH0 L
ankles = anchels # AE1 NG K AH0 L Z
announced = annuunçed # AH0 N AW1 N S T
announcement = annuunçment # AH0 N AW1 N S M AH0 N T
announcing = annuunçing # AH0 N AW1 N S IH0 NG
another = anuþþer # AH0 N AH1 DH ER0
another’s = anuþþer’s # AH0 N AH1 DH ER0 Z
answer = anser
answered = ansered
answering = ansering
answers = ansers # AE1 N S ER0 Z
antagonist = antaggonist # AE0 N T AE1 G AH0 N AH0 S T
antagonists = antaggonists # AE0 N T AE1 G AH0 N AH0 S T S
antennae = antenne # AE0 N T EH1 N IY0
anthology = anþollocgi # AE0 N TH AA1 L AH0 JH IY0
anti = anti # AE1 N T IY0
anticipation = antiçipaçion # AE0 N T IH2 S AH0 P EY1 SH AH0 N
antipathy = antippaþi # AE0 N T IH1 P AH0 TH IY0
antipersonnel = antipursonnel # AE N T IY P ER S AX N EH L
antiques = anteches # AE0 N T IY1 K S
antler = antler # AE1 N T L ER0
anvil = anvil # AE1 N V AH0 L
anxieties = anxyetis # AE0 NG Z AY1 AH0 T IY0 Z
anxiety = anxyeti # AE0 NG Z AY1 AH0 T IY0
anybody = ennibodi # EH1 N IY0 B AH0 D IY0
any = enni # EH1 N IY0
anymore = enimor # EH2 N IY0 M AO1 R
anyone = enniwun # EH1 N IY0 W AH2 N
anything = enniþing # EH1 N IY0 TH IH2 NG
anyway = enniwag # EH1 N IY0 W EY2
anywhere = ennihwere # EH1 N IY0 W EH2 R
apace = apaçe # AH0 P EY1 S
apart = apart # AH0 P AA1 R T
apartment = apartment # AH0 P AA1 R T M AH0 N T
ape = ape # EY1 P
aping = aping # EY1 P IH0 NG
aplenty = aplenti # AH0 P L EH1 N T IY0
apologetically = apolojetticli # AH0 P AA2 L AH0 JH EH1 T IH0 K L IY0
apologizing = apolojizing # AH0 P AA1 L AH0 JH AY2 Z IH0 NG
apothegm = apoþegm # AE P AX TH EH M
appall = apol # AH0 P AO1 L
appalled = apolled # AH0 P AO1 L D
appalling = apoling # AH0 P AO1 L IH0 NG
apparatus = apparattus # AE2 P ER0 AE1 T AH0 S
apparel = aparrel # AH0 P AE1 R AH0 L
apparent = aparent # AH0 P EH1 R AH0 N T
apparently = aparentli # AH0 P EH1 R AH0 N T L IY0
appeal = apele # AH0 P IY1 L
appearance = apereanç # AH0 P IH1 R AH0 N S
appearances = apereançes # AH0 P IH1 R AH0 N S AH0 Z
appear = apere
appeared = apered
appearing = apering
appears = aperes
appease = apeese # AH0 P IY1 Z
appeasing = apeesing # AH0 P IY1 Z IH0 NG
appendages = apendajes # AH0 P EH1 N D IH0 JH IH0 Z
appetite = appetite # AE1 P AH0 T AY2 T
appetites = appetites # AE1 P AH0 T AY2 T S
applaud = aplaud # AH0 P L AO1 D
applauded = aplauded # AH0 P L AO1 D AH0 D
applause = aplause # AH0 P L AO1 Z
apple = appel # AE1 P AH0 L
apples = appels # AE1 P AH0 L Z
application = aplicaçion # AE2 P L AH0 K EY1 SH AH0 N
applies = aplies # AH0 P L AY1 Z
apply = aplie # AH0 P L AY1
appointment = apointment # AH0 P OY1 N T M AH0 N T
appreciated = apreçiated # AH0 P R IY1 SH IY0 EY2 T IH0 D
apprehension = aprehension # AE2 P R IH0 HH EH1 N SH AH0 N
apprehensions = aprehensions # AE2 P R IH0 HH EH1 N SH AH0 N Z
approach = apróc # AH0 P R OW1 CH
approached = apróced # AH0 P R OW1 CH T
approaching = aprócing # AH0 P R OW1 CH IH0 NG
approbation = aprobaçion # AE2 P R AH0 B EY1 SH AH0 N
appropriate = aprópriate # AH0 P R OW1 P R IY0 AH0 T
appropriately = aprópriateli # AH0 P R OW1 P R IY0 IH0 T L IY0
approval = aproofal # AH0 P R UW1 V AH0 L
approve = aproof # AH0 P R UW1 V
approved = aproofed # AH0 P R UW1 V D
approves = aproofs # AH0 P R UW1 V Z
approving = aproofing # AH0 P R UW1 V IH0 NG
approximated = aproximated # AH0 P R AA1 K S AH0 M EY2 T AH0 D
apt = apt # AE1 P T
aptitude = aptitüd # AE1 P T AH0 T UW2 D
arable = arrabel # AE1 R AH0 B AH0 L
arbor = arbor # AA1 R B ER0
arcane = arcane # AA2 R K EY1 N
arc = arch # AA1 R K
arch = arc # AA1 R CH
arched = arced # AA1 R CH T
ardor = ardor # AA1 R D ER0
arduous = ardüos # AA1 R JH UW0 AH0 S
area = area # EH1 R IY0 AH0
are = ar # AA1 R
areas = areas # EH1 R IY0 AH0 Z
aren’t = ar’nt
argue = argü # AA1 R G Y UW0
argued = argüed # AA1 R G Y UW0 D
arguing = argüing # AA1 R G Y UW0 IH0 NG
argument = argüment # AA1 R G Y AH0 M AH0 N T
arise = aryse # ER0 AY1 Z
arisen = arisen # ER0 IH1 Z AH0 N
arising = arising # ER0 AY1 Z IH0 NG
arm = arm # AA1 R M
armchair = armcer # AA1 R M CH EH2 R
armchairs = armcers # AA1 R M CH EH2 R Z
armed = armed # AA1 R M D
armies = armis # AA1 R M IY0 Z
arming = arming # AA1 R M IH0 NG
arms = arms # AA1 R M Z
army = armi # AA1 R M IY0
aroma = aróma # ER0 OW1 M AH0
aromas = arómas # ER0 OW1 M AH0 Z
arose = aróse # ER0 OW1 Z
around = aruund # ER0 AW1 N D
arrange = araanje # ER0 EY1 N JH
arranged = araanjed # ER0 EY1 N JH D
arrangement = araanjement # ER0 EY1 N JH M AH0 N T
arrayed = araged # ER0 EY1 D
arrest = arest # ER0 EH1 S T
arrival = aryfal # ER0 AY1 V AH0 L
arrivals = aryfals # ER0 AY1 V AH0 L Z
arrive = aryf # ER0 AY1 V
arrived = aryfed # ER0 AY1 V D
arrogance = aroganç # EH1 R AH0 G AH0 N S
arsenal = arsenal # AA1 R S AH0 N AH0 L
art = art # AA1 R T
article = artichel # AA1 R T AH0 K AH0 L
articulating = articülating # AA0 R T IH1 K Y AH0 L EY2 T IH0 NG
artificial = artiffiççial # AA2 R T AH0 F IH1 SH AH0 L
artisans = artisans # AA1 R T AH0 Z AH0 N Z
artist = artist # AA1 R T AH0 S T
artists = artists # AA1 R T IH0 S T S
arts = arts # AA1 R T S
as = as # AE1 Z
ascendance = asçendanç # AH0 S EH1 N D AH0 N S
ascendancy = asçendançi # AH0 S EH1 N D AH0 N S IY0
ascend = asçend # AH0 S EH1 N D
ascended = asçended # AH0 S EH1 N D AH0 D
ascending = asçending # AH0 S EH1 N D IH0 NG
ascension = asçension # AH0 S EH1 N SH AH0 N
ascent = asçent # AH0 S EH1 N T
ascertain = asçerten # AE2 S ER0 T EY1 N
ascertained = asçertened # AE2 S ER0 T EY1 N D
ashamed = ascamed # AH0 SH EY1 M D
ash = asc # AE1 SH
ashen = ascen # AE1 SH AH0 N
ashes = asces # AE1 SH AH0 Z
aside = aside # AH0 S AY1 D
ask = asch # AE1 S K
asked = asched # AE1 S K T
asking = asching # AE1 S K IH0 NG
asks = aschs # AE1 S K S
asleep = aslepe # AH0 S L IY1 P
aspect = aspect # AE1 S P EH2 K T
asperity = asperiti # AH0 S P EH1 R IH0 T IY0
aspirant = aspirant # AE1 S P ER0 AH0 N T
aspiration = aspiraçion # AE2 S P ER0 EY1 SH AH0 N
aspired = aspired # AH0 S P AY1 R D
assail = assail # AH0 S EY1 L
assailed = assailed # AH0 S EY1 L D
ass = ass # AE1 S
assault = assault # AH0 S AO1 L T
assaulted = assaulted # AH0 S AO1 L T IH0 D
assay = assai # AE1 S IY0
assayed = assaied # AX S EY D
assemblage = assemblaje # AH0 S EH1 M B L AH0 JH
assembled = assembeld # AH0 S EH1 M B AH0 L D
assembly = assembli # AH0 S EH1 M B L IY0
assented = assented # AX S EH N T IH D
asserted = assurted # AH0 S ER1 T AH0 D
assertion = assurçion # AH0 S ER1 SH AH0 N
assigning = assining # AH0 S AY1 N IH0 NG
assignment = assinement # AH0 S AY1 N M AH0 N T
assistance = assistanç # AH0 S IH1 S T AH0 N S
assist = assist # AH0 S IH1 S T
assisted = assisted # AH0 S IH1 S T AH0 D
associate = assóçiate # AH0 S OW1 S IY0 AH0 T
associated = assóçiated # AH0 S OW1 S IY0 EY2 T AH0 D
associates = assóçiates # AH0 S OW1 S IY0 AH0 T S
assortments = assortments # AX S AO T M AX N T S
assume = assüme # AH0 S UW1 M
assumed = assümed # AH0 S UW1 M D
assuming = assüming # AH0 S UW1 M IH0 NG
assumption = assumpçion # AH0 S AH1 M P SH AH0 N
assumptions = assumpçions # AH0 S AH1 M P SH AH0 N Z
assure = ascore
assured = ascored
assuredly = ascoredli # AH0 SH UH1 R AH0 D L IY0
assuring = ascoring # AH0 SH UH1 R IH0 NG
astonished = astonnisced # AH0 S T AA1 N IH0 SH T
astonishes = astonnisces # AX S T OH N IH SH IH Z
astonishing = astonniscing # AH0 S T AA1 N IH0 SH IH0 NG
astonishment = astonniscment # AH0 S T AA1 N IH0 SH M AH0 N T
astride = astride # AH0 S T R AY1 D
astronauts = astronauts # AE1 S T R AH0 N AO2 T S
at = at # AE1 T
atavism = atafism # AE1 T AH0 V IH0 Z AH0 M
ate = ate # EY1 T
atmosphere = atmosfere # AE1 T M AH0 S F IH2 R
atmospheric = atmosferich # AE2 T M AH0 S F EH1 R IH0 K
atmospherics = atmosferics # AE2 T M AH0 S F EH1 R IH0 K S
atrocious = atróçios # AH0 T R OW1 SH AH0 S
attached = atacced # AH0 T AE1 CH T
attack = atach # AH0 T AE1 K
attacked = atacched # AH0 T AE1 K T
attacker = ataccher # AH0 T AE1 K ER0
attacks = atachs # AH0 T AE1 K S
attain = atain # AH0 T EY1 N
attained = atained # AH0 T EY1 N D
attempt = atempt # AH0 T EH1 M P T
attempted = atempted # AH0 T EH1 M P T AH0 D
attempting = atempting # AH0 T EH1 M P T IH0 NG
attempts = atempts # AH0 T EH1 M P T S
attendance = atendanç # AH0 T EH1 N D AH0 N S
attendants = atendants # AH0 T EH1 N D AH0 N T S
attend = atend # AH0 T EH1 N D
attended = atended # AH0 T EH1 N D AH0 D
attention = atençion # AH0 T EH1 N SH AH0 N
attentively = atentifli # AH0 T EH1 N T IH0 V L IY0
attest = atest # AH0 T EH1 S T
attitude = attitüd # AE1 T AH0 T UW2 D
attorney = aturni # AH0 T ER1 N IY0
attract = atract # AH0 T R AE1 K T
attracted = atracted # AH0 T R AE1 K T AH0 D
attracting = atracting # AH0 T R AE1 K T IH0 NG
attraction = atracçion # AH0 T R AE1 K SH AH0 N
attractions = atracçions # AH0 T R AE1 K SH AH0 N Z
attractive = atractif # AH0 T R AE1 K T IH0 V
attractively = atractifli # AH0 T R AE1 K T IH0 V L IY0
attributed = atribüted # AH0 T R IH1 B Y AH0 T AH0 D
audacity = audaççiti # AA0 D AE1 S AH0 T IY0
audible = audibel # AA1 D AH0 B AH0 L
audibly = audibli # AA1 D AH0 B L IY0
audience = audienç # AA1 D IY0 AH0 N S
audiences = audiençes # AA1 D IY0 AH0 N S AH0 Z
augment = augment # AO0 G M EH1 N T
augured = augured # AO G AX D
august = august # AA1 G AH0 S T
aunt = aunt
aunts = aunts
aura = aura # AO1 R AH0
auspicious = aspiççios # AA0 S P IH1 SH AH0 S
austere = austere # AO0 S T IH1 R
authority = aþorriti # AH0 TH AO1 R AH0 T IY0
automatically = automatticli # AO2 T AH0 M AE1 T IH0 K L IY0
automatic = automattich # AO2 T AH0 M AE1 T IH0 K
automatics = automattics # AO2 T AH0 M AE1 T IH0 K S
autumn = autum # AO1 T AH0 M
av = af
available = availabel # AH0 V EY1 L AH0 B AH0 L
avail = avail # AH0 V EY1 L
avalanches = avalances # AE1 V AH0 L AE2 N CH IH0 Z
avenged = avenjed # AH0 V EH1 N JH D
averred = avurred # AX V ER D
avert = avurt # AH0 V ER1 T
averted = avurted # AH0 V ER1 T AH0 D
avid = avid # AE1 V AH0 D
avidly = avidli # AE1 V AH0 D L IY0
avoid = avoid # AH0 V OY1 D
avoided = avoided # AH0 V OY1 D AH0 D
avoiding = avoiding # AH0 V OY1 D IH0 NG
avoids = avoids # AH0 V OY1 D Z
avowed = avued # AH0 V AW1 D
avowing = avuing # AX V AW IH NG
await = await # AH0 W EY1 T
awaited = awaited # AH0 W EY1 T AH0 D
awaiting = awaiting # AH0 W EY1 T IH0 NG
awaits = awaits # AH0 W EY1 T S
awake = awache # AH0 W EY1 K
awaken = awachen # AH0 W EY1 K AH0 N
awakened = awachened # AH0 W EY1 K AH0 N D
aware = aware # AH0 W EH1 R
awareness = awareness # AH0 W EH1 R N AH0 S
away = awag # AH0 W EY1
awe = aue # AA1
awful = aufful
awkward = aucword # AA1 K W ER0 D
awkwardness = aucwordness # AO1 K W ER0 D N AH0 S
awls = auls # AO L Z
awoke = awóch # AH0 W OW1 K
axe = acse # AE1 K S
axletree = acsletree # AE K S L T R IY
aye = ye # AY1
baa = baa
baal = baal
baalites = baalites
baley = bali
baley’s = bali’s
b = b
be = be
become = becum
becomes = becums
becoming = becumming
bedroom = bedrome
bedrooms = bedromes
bee = bee
beehive = bee¬hyf
been = been
been = bene
behave = behafe
behaved = behafed
behaves = behafes
behaving = behafing
behind = behynd
beijing = beijing
beijing’s = beijing’s
being = being
beings = beings
beside = beside
besides = besides
between = betwene
beyond = be¬geond
bind = bynd
bite = bite
biting = biting
blimey = blimi
blue = bleu
bluebottle = bleu¬bottel
bone = bón
bonfire = bon¬fire
book = boche
books = boches
both = boþe
bots = bots
bow1 = bou
bow2 = bue
bow = bue
box = bocs
boxes = bocses
brake = brache
brakes = braches
break = brache
brett = bret
brett’s = bret’s
broke = bróch
broken = bróchen
bruise = breuse
bruised = breused
bruises = breuses
bruising = breusing
bug = bugg
bugs = buggs
bulgaria = bulgaria
buy = bug
buys = bugs
by = by
bye = by
ca = ca
cake = cache
cakes = caches
came = came
campaign = campagn
cannot = cannot
can’t = ca’nt
capek = čapek
capek’s = čapek’s
care = care
careful = careful
carefully = carefulli
careless = careless
carelessly = carelessli
caretaker = care¬tacher
caretakers = care¬tachers
c = c
ccp = ccp
ccp’s = ccp’s
cease = çeess
ceased = çeessed
ceases = çeesses
ceasing = çeessing
ceos = ceos
certain = çurten
certainly = çurtenli
charred = charred
chase = ceaçe
chased = ceaçed
chases = ceaçes
chasing = ceaçing
chew = ceu
chief = ceeff
chief’s = ceeff’s
chiefs = ceeffs
child = cyld
childhood = cyldhode
chinese = cineese
chocolat = ceocolati
chocolate = ceocolat
choke = ceóch
choked = ceóched
chose = ceóse
chosen = ceósen
city = çitti
claim = clame
claimed = clamed
claiming = claming
claims = clames
climb = clime
climbed = climed
climbing = climing
close1 = clóss
close2 = clóse
close = clóse
closed = clósed
closely = clóssli
closer = clósser
closing = clósing
clothes = clóþs
clothing = clóþing
coast = cóst
cockatrice = cocatriç
cockatrices = cocatriçes
cocksure = cocscore
co = co
comb = cóm
come = cum
comes = cums
coming = cumming
compare = compare
conceal = conçele
concealed = conçeled
cop’s = cop’s
could = code
couldn’t = code’nt
counter = cuunter
counterspy = cuunter¬spie
countryside = cuntri¬side
’course = ’corse # K AO1 R S
courtyard = cort¬yard
coyote = cogeót
cozy = cosi
cradle = cradel
cradles = cradels
creature = creatür
creatures = creatürs
ct = ct
cumulus = cümulus
cupboard = cupbord
czech = cech
czechoslovakia = cecoslovacchia
dare = dare
dared = dared
daresay = daresag
dares = dares
daring = daring
daytime = dag¬time
daze = dase
dazed = dased
dazes = dases
d = d
defeat = defete
defeated = defeted
defeating = defeting
defeats = defetes
deirdre = deerdre
design = desine
designed = desined
designing = desining
designs = desines
despiser’s = despiser’s
diamond = diamond
diamonds = diamonds
didn’t = did’nt
died = died
die = die
directions = direcçions
disappear = disapere
disappeared = disapered
disappears = disaperes
dived = dyfed
dive = dyf
dives = dyfes
diving = dyfing
dna = dna
do = do
does = dus
doesn’t = dus’nt
don’t = do’nt
dos = does
doubt = dute
down = dune
dozed = dósed
doze = dóse
dozes = dóses
dozing = dósing
dr = dr
dried = dride
drive = dryf
driver = dryfer
drove = dróf
dryly = drieli
dune = dün
d’ya = d’eu
dying = dying
d’you = d’eu
earthman’s = urþman’s
earthman = urþman
earthmen = urþmen
earthquakes = urþcwaches
earthquake = urþcwache
east = eest
eight = eht
eighth = ehtþ
eightieth = ehttiþ
eighty = ehtti
either = eþer
embarrassed = embarrassed
embarrass = embarrass
embarrasses = embarrasses
embarrassing = embarrassing
embarrassment = embarrassment
employee = emploiee
employees = emploiees
es = es
est = est
eve = eef
even = eefen
evening = eefening
every = eferi
evil = eefil
exceeded = exçeded
exceed = exçede
exceeding = exçeding
exceedingly = exçedingli
exceeds = exçedes
exclaimed = exclamed
exclaim = exclame
exclaiming = exclaming
exclaims = exclames
excuse1 = excüss
excuse2 = excüse
eyebrow = igebrue
eyed = iged
eye = ige
eyeing = iging
eyelashes = ige¬lasces
eyelash = ige¬lasc
eyelid = ige¬lid
eyelids = ige¬lids
eyes = iges
eyesight = ige¬siht
fading = fading
fair = fagr
fair’s = fagr’s
falling = foling
family = fammili
farewell = fare¬wel
fbi = fbi
fearfully = fere¬fulli
f = f
fiery = firi
file = file
find = fynd
finding = fynding
firebreathing = fire¬breþing
fired = fired
firedrake = fire¬drache
firedrakes = fire¬draches
fire = fire
fireflies = fire¬flies
firefly = fire¬flie
firelight = fire¬liht
fireproof = fire¬prooff
fires = fires
firework = fire¬wurch
fireworks = fire¬wurchs
firing = firing
five = fyf
flashlights = flasclihts
flibberty = flibberti
flying = flying
folk = fóch
fooled = foled
fool = fole
foolish = folisc
fools = foles
forty = fourti
four = four
fourteen = four¬tene
fourth = fourþ
foxes = focses
fox = focse
frame = frame
friday = fridag
fro = fró
froze = fróse
furniture = furnitür
gamboled = gamboled
game = game
gape = gape
gaping = gaping
gate = gate
gates = gates
gave = gaaf
gazed = gaased
gaze = gaase
gazing = gaasing
generally = jeneralli
genre = janre
g = g
ghost = góst
gibberty = gibberti
glared = glared
glare = glare
glares = glares
glaring = glaring
glubbing = glubbing
glup = glup
goes = gós
go = gó
going = góing
goings = góings
graduate = gradüat
grave = graaf
graze = graase
grazing = graasing
great = grate
greece = greçe
greek = greche
grew = greu
growt = grót
growt’s = grót’s
gruesome = greusum
guy = ghie
guys = ghies
hair = haar
harry = harri
haste = haast
hastily = haastili
hate = hate
haven’t = haf’nt
haze = haase
hazel = haasel
hear = heer
hearing = heering
hears = heers
he’d = he’d
hef’s = heff’s
he = he
he’ll = he’l
hence = hense
here = here
here’s = here’s
her = hur
he’s = he’s
h = h
h’ = h’
hiccup = hiccup
hiccups = hiccups
hic = hich
hide = hide
hiding = hiding
hie = hie
hi = hy
hillside = hilside
himble = himbel
hind = hynd
hire = hire
hirl = hurl
hisself = hisself
hoarse = hórse
ho = hó
hole = hóle
holy = hóli
home = hóm
homeless = hómless
hopefully = hóp¬ful¬li
hope = hóp
hoping = hóping
hortense = hortense
hortense’s = hortense’s
hould = hóld
hours = ures
hour = ure
houseflies = huussflys
housefly = huussfly
houston = heuston
howed = hóed
huawei = huawei
hubei = hubei
hught = huht
hught’s = huht’s
humanoid = hümanoid
humanoids = hümanoids
i1 = i
ice = yss
icing = yssing
ick = ich
i’d = y’d
ii = ii
ik = ich
i’ll = y’l
i’m = y’m
inc = inc
increased = increessed
increase = increess
increases = increesses
increasing = increessing
indeed = indede
inside = inside
insight = insiht
insurance = inscüranç
into = into
ion’s = ion’s
ironing = ironing
iron = iron
isaac = ysach
isbn = isbn
island = iland
islands = ilands
isle = ile
issue = issü
it’s = it’s
i’ve = y’f
i = y
jaipur = jaipur
ja = ja
jiechi = jiechi
jinping = jinping
j = j
jpg = jpg
katmandu = catmandu
k = c
keyboard = cheebord
key = chee
keys = chees
kind = chynd
kindest = chyndest
kindly = chyndli
kindness = chynd¬ness
knife = cnyff
knives = cnyfs
laden = laden
ladies = ladis
ladle = ladel
ladles = ladels
lady = ladi
lake = lache
lakes = laches
landscape = landschape
late = late
later = later
latest = latest
lazy = laasi
lead = led
lead = lede
league = leghe
leagues = leghes
leant = leent
leetle = letel
lensed = lensed
lied = lied
lie = lie
lies = lies
lifelike = lyff¬liche
life = lyff
lifetime = lyff¬time
lif = lif
ligh = lih
likeable = licabel
liked = liched
like = liche
likely = licheli
likes = liches
lik = lich
live1 = lyf
live2 = lif
lived = lifed
live = lyf
liven = lyfen
lives1 = lyfs
lives2 = lifs
l = l
ll = l
lo = ló
lonely = lónli
lopsidedly = lopsidedli
lungfuls = lungfuls
lying = lying
machine = mascene
madeira = madera
made = made
mage’s = maje’s
maharaja = maharaja
make = mache
makes = maches
makeup = mache¬up
making = maching
mandrake = mandrache
mandrakes = mandraches
mane = mane
many = menni
mao = mao
marijuana = marihuana
marriage = marriaj
marriages = marriajes
mastermind = mastermynd
maybe = magbe
maze = maase
meaning = mening
mean = mene
means = menes
meantime = mene¬time
meant = ment
meanwhile = mene¬hwile
measure = mesür
measures = mesürs
meat = meet
meeting = meting
meet = mete
meets = metes
me = me
merely = mereli
mere = mere
meringue = merrang
meringues = merrangs
mhoram = mhoram
mice = myss
michael = michel
midnight = midniht
minded = mynded
mind = mynd
mine = mine
misshapen = mis¬scapen
mistake = mis¬tache
mistaken = mis¬tachen
mistakes = mis¬taches
m = m
moonlight = mone¬liht
moon = mone
moonrise = mone¬ryse
mortifie = mortiffie
most = móst
mountainside = muunten¬side
mouth = muþe
mouths = muþes
mr = mr
mrs = mrs
must’ve = must’f
my = my
myself = my¬selff
mythologia = miþolojia
naive = naif
naked = nached
name = name
name’s = name’s
names = names
narrower = narrouer
narrow = narrou
natural = nattüral
neither = neþer
nephew = nefeu
nephews = nefeus
next = necst
nightfall = niht¬fol
nine = nine
ninety = nineti
n = n
nobody = nóbodi
no = nó
noon = none
normally = normalli
northeast = norþ¬eest
nothing = nuþþing
nth = nþ
o2 = ó
o3 = u
oh = ó
ok = ókag
olivaw = olivau
olivaw’s = olivau’s
once = wunse
ones = wuns
one = wun
ongoing = ongóing
only = ónli
ontario = ontario
opened = ópened
open = ópen
other = uþþer
otherwise = uþþer¬wise
ourselves = ureselfes
ours = uurs
our = uur
outbreak = ute¬brache
outside = ute¬side
overcome = ófercum
overcrowded = ófer¬cruded
overheard = ófer¬hurd
over = ófer
overripe = ófer¬ripe
overseer = ófer¬seer
paddied = paddid
paoul = paul
paris = parris
parrot = parrot
parrot’s = parrot’s
parrots = parrots
paths = paþs
peace = peçe
peering = pering
penelope’s = penelope’s
people = pepel
people’s = pepel’s
peoples = pepels
periwinkle = periwinchel
periwinkles = periwinchels
pestle = pessel
pestles = pessels
ph = f
piece = peçe
pieces = peçes
pie = pie
pleasedly = pleesedli
pleased = pleesed
please = pleese
pleases = pleeses
pleasing = plesing
police = polliç
polish1 = polisc
p = p
prescott = preschot
prescott’s = preschot’s
proceeded = proçeded
proceeding = proçeding
proceed = proçede
proceed = proçede
proceeds = proçedes
proclaimed = proclamed
proclaiming = proclaming
proclaim = proclame
proclaims = proclames
putin = putin
putting = putting
q = q
quake = cwache
queen = cwene
quick = cwich
quickly = cwichli
quicksand = cwichsand
quicksands = cwichsands
raked = rached
rake = rache
raker = racher
read2 = red
reader = reder
readers = reders
reading = reding
read = rede
reads = redes
reales = reales
realized = realysed
realize = realyse
realizes = realyses
realizing = realysing
really = realli
real = real
reappeared = reapered
reappearing = reapering
reappear = reapere
reappears = reaperes
reasoned = reesoned
reasoning = reesoning
reason = reeson
reasons = reesons
recall = recol
reechoed = reecoed
reechoing = reecoing
relief = releeff
relieved = releefed
relieve = releef
relieves = releefs
relieving = releefing
remade = remade
remind = remynd
reminds = remynds
remounted = remuunted
remounting = remuunting
remount = remuunt
remounts = remuunts
rescu = rescheu
reservoir = reservoar
reservoirs = reservoars
retreated = retreted
retreating = retreting
retreat = retrete
retreats = retretes
retributive = retribütif
ride = ride
riding = riding
riffled = riffled
right = riht
ripe = ripe
rise = ryse
rises = ryses
rising = rysing
rode = ród
rod’s = rod’s
roj = roj
rolled = róled
rolling = róling
roll = ról
rolls = róls
room = rome
rooms = romes
rope = róp
ropes = róps
rose = róse
round = ruund
r = r
r’s = r’s
rustlers = russlers
ryzel = rysel
safely = saaffli
safe = saaff
safety = saaffti
said = sagd
sake = sache
sale = sale
same = same
saved = saafed
save = saaf
saves = saafs
saving = saafing
says = sags
scarcely = schareçeli
scarce = schareçe
scared = schared
scare = schare
scares = schares
scaring = scharing
screw = schreu
scythed = sçiþed
scythe = sçiþe
scythes = sçiþes
scything = sçiþing
scythin = sçiþin
sea = sea
seashore = syi¬shor
seasickness = syi¬siknes
seasick = syi¬sik
seawater = sei¬woter
seaweed = sei¬weed
seemed = semed
seeming = seming
seem = seme
seems = semes
seen = seen
see = see
sen’s = sen’s
se = sy
sewed = swoued
sewing = swouing
sewn = swoun
sews = swous
sew = swou
shaded = scaded
shade = scade
shaken = scachen
shake = scache
shaking = scaching
shame = scame
shan’t = sca’nt
shaped = scaped
shape = scape
shapes = scapes
shared = scared
share = scare
shares = scares
sharing = scaring
she’d = sce’d
she’ll = sce’l
shell’s = scel’s
she = sce
she’s = sce’s
shine = scine
shining = scining
shouldn’t = scode’nt
should = scode
showed = scoued
showing = scouing
shown = scoun
show = scou
shows = scous
sh = sc
sidesaddle = side¬saddel
side = side
sides = sides
siding = siding
sidings = sidings
sight = siht
signed = sined
signing = sining
sign = sine
signs = sines
since = sinse
site = site
sites = sites
six = sics
sixth = sicsþ
sixtieth = sicstiþ
sixty = sicsti
size = sise
sizes = sises
slide = slide
sliding = sliding
slime = slime
slimy = slimi
sloped = slóped
slope = slóp
slopes = slóps
sloping = slóping
smiled = smiled
smile = smile
smiling = smiling
smoke = smóch
snake = snache
sometime = sum¬time
sons = sunns
son = sunn
so = só
soufflé = soflee
soulfully = sólfulli
soulful = sólful
soul = sól
souls = sóls
southeast = suþ¬eest
sowed = sowed
sowing = sowing
sown = sown
sow = sow
sows = sows
spade = spade
spades = spades
spare = spare
specially = speçialli
species = speçies
spider = spider
spies = spies
spoken = spóchen
spokesman = spóchs¬man
spoke = spóch
spy = spie
spy’s = spie’s
square = square
squawk = schwauch
squeaked = schweched
squeaking = schweching
squeak = schweche
squeaks = schweches
squeaky = schwechi
squeezed = schweesed
squeeze = schweese
squeezes = schweeses
sr = sr
s = s
stake = stache
stared = stared
stare = stare
stealing = steeling
steals = steels
steal = steel
steels = steles
steel = stele
steering = stering
stephenson’s = steefensunn’s
stephenson = steefensunn
stolen = stólen
stole = stól
stones = stóns
stone = stón
stony = stóni
strikes = striches
strike = striche
striped = striped
stripes = stripes
stripe = stripe
strode = stród
stroke = stróch
st = st
succeeded = sucçeded
succeeding = sucçeding
succeeds = sucçedes
succeed = sucçede
successfully = sucçessfulli
successful = sucçessful
success = sucçess
sugar = scogar
sunbathing = sun¬baþing
sunshine = sun¬scine
sunstroke = sun¬stróch
sun = sun
surefire = score¬fire
sure = score
surveilled = surveiled
swollen = swólen
sword = sord
swords = sords
sympathique = simpaþich
tabitha’s2 = tabiþa’s
taiwan = taiwan
taken = tacheen
takes = taches
take = tache
taking = taching
tales = tales
tale = tale
tamest = tamest
tame = tame
tape = tape
tear1 = tir
tear2 = ter
tearful = tirful
tearing = tering
tears1 = tirz
tears2 = terz
tephen = teefen
terrel’s = terel’s
terrel = terel
teven = teefen
that’s = þat’s
their = þegr
theophilus = þeoffilus
there’r = þer’r
there’s = þer’s
these = þese
they’re = þeg’r
they’r = þeg’r
they’ve = þeg’f
thine = þyn
thirty = þurti
thistledown = þisseldune
thone = þón
those = þós
threadlike = þredliche
three = þre
threw = þreu
throug = þru
thyme = thime
thy = þy
th = þ
tidal = tidal
tied = tied
tie = tai
tiled = tiled
time’s = taim’s
tiniest = tiniest
tiptoed = tiptóed
today = todag
toes = tós
toe = tó
together = togeþþer
togoland = togo¬land
toink = toink
tomorrow = tomorrou
tonight = toniht
too = too
to = to
towards = towords
toward = toword
towed = towed
towing = towing
tows = tows
tow = tow
transparent = transparent
treat = trete
trees = trees
tree = tree
tridgle = tricgel
tried = tried
triumphalist = triumfalist
troublemakers = trubbel¬macherz
troublemaker = trubbel¬macher
true = treu
truly = treuli
truthfully = treuþfulli
truthful = treuþful
truth = treuþ
trying = trying
t = t
twice = twyss
two = two
tying = tying
typhoon = tyffone
undergo = undergó
undertake = under¬tache
unlikely = unlicheli
unlike = unliche
unrolled = unroled
unsafe = unsaffe
unsuccessfully = unsucçesfulli
unsuccessful = unsucçesful
unsureness = unscoreness
untie = un¬tye
upholstered = upólstered
upholster = upólster
upon = upon
upside = upside
upstairs = upstairs
upsy = upsi
up = up
urved = urved
use1 = üss
use2 = üse
uses1 = üsses
uses2 = üses
uses = üses
use = üse
ussr = üssr
uyghurs = uigurs
uyghur = uigur
vacations = vacaçions
vacation = vacaçion
various = varios
vegetable = vejetabel
vixens = viksenz
vixen = viksen
volunteered = voluntered
volunteer = voluntere
vould = vud
v = v
waded = weided
wade = weid
waist = weist
wake = weik
ware = ware
wasted = waasted
wastes = waastes
waste = waast
wasting = waasting
watched = wocced
watches = wocces
watching = woccing
watch = woc
waved = waafed
wavelets = waaflets
wavelet = waaflet
wavering = waafering
waves = waafs
wave = waaf
waving = waafing
weak = weech
weaponized = wepponised
wearing = werring
wears = wers
wear = wer
we’d = we’d
weighed = wehed
weight = weht
welcomed = wel¬cumed
welcomes = wel¬cums
welcome = wel¬cum
welcoming = wel¬cuming
we’ll = we’l
wensleydale = wenslidale
were1 = wer
weren’t = wur’nt
weretoads = wer¬tóds
weretoad = wer¬tód
we’re = we’r
werewolf = wer¬woolff
werewolves = wer¬woolfs
were = wur
we’ve = we’f
we = we
what’s = hwot’s
wha = wa
wheedled = hwedled
wheep = hwepe
wheeps = hwepes
where’s = hwer’s
whereupon = hwer¬upon
whew = weu
wh = hw
while = hwile
whine = hwine
whining = hwining
white = hwite
who’d = hu’d
whoever = hoefer
who = ho
wholehearted = hólharted
wholeheartedly = hólhartedli
whole = hól
whom = home
whoo = hoo
whose = hose
who’s = hoo’s
why = hwy
wildlife = wyld¬lyff
wild = wyld
wimple = wimple
winsun = winsun
without = wiþute
woebegone = wóbegon
woken = wóchen
woke = wóch
women = wimmen
won’t = wó’nt
wooden = wooden
woods = wodes
woods = woods
wood = wode
wood = wood
wouldn’t = wode’nt
would = wode
writer = writer
writes = writes
write = write
writhed = wriþed
writhes = wriþes
writhe = wriþe
writhing = wriþing
writing = writing
w = w
xinjiang’s = xinjiang’s
xinjiang = xinjiang
xi = xi
x = x
yarring = gearing
year = gere
years = geres
yeast = geest
yield = geeld
yihe = yihe
you = eu
you’re = eu’r
your = eur
yours = eurs
you’ve = eu’f
yo = yó
y = y
zoological = zoolojical
zululand = zulu¬land
zut = zut

